Date,Close/Last,Volume,Open,High,Low
9/1/2026,$23.23 ,25367190,$23.60 ,$23.97 ,$23.08 
8/31/2026,$23.89 ,31285980,$24.50 ,$24.56 ,$23.89 
8/28/2026,$24.76 ,19187980,$25.20 ,$25.48 ,$24.69 
8/27/2026,$24.95 ,15695910,$25.40 ,$25.60 ,$24.91 
8/26/2026,$25.59 ,16190600,$26.21 ,$26.46 ,$25.54 
8/25/2026,$26.14 ,19139410,$26.20 ,$26.29 ,$25.71 
8/24/2026,$25.71 ,20293550,$26.04 ,$26.42 ,$25.55 
8/21/2026,$25.73 ,17040780,$25.64 ,$25.87 ,$25.46 
8/20/2026,$25.37 ,26822550,$26.20 ,$26.28 ,$25.19 
8/19/2026,$26.69 ,16238360,$27.58 ,$27.61 ,$26.63 
8/18/2026,$27.27 ,11002140,$27.40 ,$27.66 ,$27.22 
8/17/2026,$27.73 ,13671990,$27.98 ,$28.10 ,$27.55 
8/14/2026,$28.12 ,15049750,$28.40 ,$28.79 ,$28.10 
8/13/2026,$28.42 ,13679910,$28.17 ,$28.60 ,$27.95 
8/12/2026,$27.67 ,10926680,$27.92 ,$28.11 ,$27.48 
8/11/2026,$27.73 ,13927080,$27.99 ,$28.43 ,$27.55 
8/10/2026,$27.75 ,24288000,$28.30 ,$28.49 ,$27.70 
8/7/2026,$28.99 ,13379980,$29.27 ,$29.27 ,$28.32 
8/6/2026,$28.79 ,13941180,$29.40 ,$29.56 ,$28.77 
8/5/2026,$29.67 ,17042350,$29.76 ,$30.22 ,$29.63 
8/4/2026,$29.59 ,22467230,$29.32 ,$29.91 ,$29.29 
8/3/2026,$28.74 ,16774200,$28.47 ,$29.09 ,$28.23 
7/31/2026,$27.81 ,17275090,$27.90 ,$27.99 ,$27.28 
7/30/2026,$27.77 ,23658320,$27.67 ,$27.94 ,$27.16 
7/29/2026,$27.81 ,20271350,$27.48 ,$28.39 ,$27.33 
7/28/2026,$28.23 ,27080980,$27.09 ,$28.32 ,$26.91 
7/27/2026,$27.12 ,21121030,$27.20 ,$27.49 ,$26.67 
7/24/2026,$26.33 ,23020510,$25.65 ,$27.02 ,$25.58 
7/23/2026,$25.27 ,24933020,$25.27 ,$25.74 ,$25.10 
7/22/2026,$26.10 ,15859790,$25.98 ,$26.49 ,$25.74 
7/21/2026,$26.16 ,16029500,$26.10 ,$26.33 ,$25.82 
7/20/2026,$26.04 ,17759080,$26.61 ,$26.77 ,$25.82 
7/17/2026,$26.41 ,16843690,$26.01 ,$26.66 ,$25.86 
7/16/2026,$26.86 ,13947450,$26.49 ,$26.86 ,$26.26 
7/15/2026,$26.59 ,19347410,$26.63 ,$27.23 ,$26.38 
7/14/2026,$26.50 ,14215570,$26.50 ,$26.92 ,$26.26 
7/13/2026,$26.61 ,16290000,$26.51 ,$27.30 ,$26.34 
7/10/2026,$26.83 ,12441520,$26.87 ,$27.18 ,$26.40 
7/9/2026,$26.72 ,16732520,$25.97 ,$27.04 ,$25.81 
7/8/2026,$25.64 ,27594130,$26.10 ,$26.11 ,$25.27 
7/7/2026,$26.68 ,18242450,$27.34 ,$27.57 ,$26.46 
7/6/2026,$27.51 ,15018420,$28.00 ,$28.26 ,$27.39 
7/2/2026,$27.91 ,19204730,$28.91 ,$29.15 ,$27.46 
7/1/2026,$28.52 ,18553930,$28.60 ,$29.43 ,$28.48 
6/30/2026,$28.57 ,17824890,$28.94 ,$29.12 ,$28.26 
6/29/2026,$29.19 ,19283530,$29.19 ,$29.64 ,$29.03 
6/26/2026,$29.07 ,32186440,$28.20 ,$29.13 ,$28.13 
6/25/2026,$28.46 ,29398710,$29.31 ,$29.89 ,$28.13 
6/24/2026,$28.91 ,31566160,$29.31 ,$30.00 ,$28.79 
6/23/2026,$28.72 ,40341610,$27.40 ,$28.89 ,$27.00 
6/22/2026,$30.19 ,31566330,$30.76 ,$30.99 ,$29.87 
6/18/2026,$30.87 ,31480640,$31.18 ,$31.30 ,$30.68 
6/17/2026,$29.91 ,24845430,$31.09 ,$31.60 ,$29.86 
6/16/2026,$30.90 ,24486200,$30.51 ,$31.05 ,$30.22 
6/15/2026,$30.12 ,37900560,$30.41 ,$31.15 ,$29.99 
6/12/2026,$29.18 ,29553310,$28.74 ,$29.20 ,$27.93 
6/11/2026,$28.12 ,30013290,$25.67 ,$28.17 ,$25.65 
6/10/2026,$25.99 ,24295100,$27.30 ,$27.45 ,$25.77 
6/9/2026,$27.73 ,30367970,$27.53 ,$28.21 ,$26.80 
6/8/2026,$27.01 ,15923990,$27.18 ,$27.39 ,$26.94 
6/5/2026,$27.41 ,15915130,$27.64 ,$28.09 ,$27.02 
6/4/2026,$27.85 ,17917520,$27.64 ,$27.95 ,$27.12 
6/3/2026,$27.17 ,18208920,$27.25 ,$27.81 ,$27.01 
6/2/2026,$27.64 ,18117240,$27.40 ,$27.66 ,$27.10 
6/1/2026,$27.51 ,23438140,$27.51 ,$28.09 ,$27.02 
5/29/2026,$28.06 ,36971110,$28.08 ,$28.40 ,$27.76 
5/28/2026,$27.94 ,20159110,$27.34 ,$28.28 ,$27.24 
5/27/2026,$27.98 ,32843580,$27.48 ,$28.29 ,$27.36 
5/26/2026,$26.71 ,24977730,$26.82 ,$27.09 ,$26.50 
5/22/2026,$25.98 ,17161640,$26.30 ,$26.50 ,$25.82 
5/21/2026,$26.18 ,34181790,$25.44 ,$26.49 ,$24.91 
5/20/2026,$26.03 ,49192640,$24.00 ,$26.34 ,$23.45 
5/19/2026,$23.89 ,29209240,$24.65 ,$24.71 ,$23.67 
5/18/2026,$24.91 ,27417400,$24.88 ,$25.33 ,$24.65 
5/15/2026,$24.64 ,22806380,$24.87 ,$25.14 ,$24.58 
5/14/2026,$25.20 ,22758000,$25.75 ,$26.04 ,$25.19 
5/13/2026,$25.03 ,23074140,$24.73 ,$25.20 ,$24.41 
5/12/2026,$24.85 ,30772000,$25.39 ,$25.46 ,$24.74 
5/11/2026,$25.44 ,37239600,$25.86 ,$26.01 ,$24.99 
5/8/2026,$26.38 ,29526400,$27.20 ,$27.29 ,$26.25 
5/7/2026,$27.00 ,26335110,$27.62 ,$28.05 ,$26.75 
5/6/2026,$27.52 ,50805340,$27.30 ,$27.62 ,$26.79 
5/5/2026,$25.77 ,80404400,$25.74 ,$26.29 ,$25.67 
5/4/2026,$25.67 ,31850860,$26.12 ,$26.77 ,$25.25 
5/1/2026,$26.66 ,21981180,$26.63 ,$27.31 ,$26.08 
4/30/2026,$26.51 ,28026870,$26.49 ,$27.37 ,$26.18 
4/29/2026,$25.58 ,26210390,$26.01 ,$26.02 ,$25.34 
4/28/2026,$26.30 ,15692240,$26.24 ,$26.62 ,$26.12 
4/27/2026,$26.77 ,18879770,$26.73 ,$27.05 ,$26.45 
4/24/2026,$27.17 ,17360530,$26.75 ,$27.30 ,$26.53 
4/23/2026,$26.65 ,21056950,$26.79 ,$27.33 ,$26.18 
4/22/2026,$26.94 ,17360180,$27.42 ,$27.70 ,$26.71 
4/21/2026,$27.36 ,29166040,$28.93 ,$28.96 ,$27.21 
4/20/2026,$29.01 ,19133310,$28.76 ,$29.06 ,$28.50 
4/17/2026,$29.22 ,37524030,$29.06 ,$30.16 ,$28.95 
4/16/2026,$27.31 ,32073630,$28.90 ,$29.13 ,$27.16 
4/15/2026,$28.82 ,20614950,$28.74 ,$29.13 ,$28.27 
4/14/2026,$28.69 ,20048720,$28.25 ,$28.93 ,$28.04 
4/13/2026,$27.75 ,20060130,$27.10 ,$27.80 ,$26.83 
4/10/2026,$27.98 ,19468080,$28.32 ,$28.51 ,$27.44 
4/9/2026,$27.85 ,25712550,$27.82 ,$28.12 ,$26.90 
4/8/2026,$28.03 ,52285400,$28.28 ,$28.99 ,$27.60 
4/7/2026,$25.20 ,25395340,$25.46 ,$25.48 ,$24.74 
4/6/2026,$25.97 ,16505100,$25.70 ,$25.98 ,$25.28 
4/2/2026,$25.64 ,26943800,$25.34 ,$26.06 ,$24.94 
4/1/2026,$26.58 ,27439520,$26.49 ,$26.74 ,$26.03 
3/31/2026,$25.88 ,41039130,$24.74 ,$25.93 ,$24.50 
3/30/2026,$23.96 ,26741370,$24.39 ,$24.84 ,$23.79 
3/27/2026,$24.19 ,43089940,$24.57 ,$25.46 ,$23.66 
3/26/2026,$25.28 ,22463450,$25.39 ,$25.88 ,$25.16 
3/25/2026,$25.73 ,24568970,$26.22 ,$26.39 ,$25.52 
3/24/2026,$25.47 ,24791270,$24.76 ,$25.69 ,$24.71 
3/23/2026,$25.45 ,34796920,$25.65 ,$26.22 ,$25.37 
3/20/2026,$24.12 ,48721660,$24.57 ,$24.76 ,$23.91 
3/19/2026,$24.94 ,30118750,$24.02 ,$25.04 ,$23.96 
3/18/2026,$24.16 ,26305630,$24.74 ,$25.04 ,$24.16 
3/17/2026,$25.09 ,21006550,$25.29 ,$25.41 ,$24.91 
3/16/2026,$24.72 ,24107720,$24.43 ,$25.09 ,$24.41 
3/13/2026,$23.99 ,23093250,$24.09 ,$24.83 ,$23.78 
3/12/2026,$23.92 ,38826480,$25.09 ,$25.24 ,$23.87 
3/11/2026,$25.97 ,23368320,$26.01 ,$26.55 ,$25.51 
3/10/2026,$26.21 ,35613580,$25.90 ,$26.96 ,$25.28 
3/9/2026,$26.39 ,56154040,$24.47 ,$26.39 ,$23.47 
3/6/2026,$25.79 ,36027960,$25.84 ,$25.97 ,$25.44 
3/5/2026,$27.16 ,34668290,$27.71 ,$28.41 ,$26.71 
3/4/2026,$28.01 ,21974020,$28.60 ,$28.95 ,$27.88 
3/3/2026,$28.53 ,30039650,$27.68 ,$28.83 ,$27.11 
3/2/2026,$29.14 ,38114550,$28.85 ,$29.75 ,$27.90 
2/27/2026,$31.55 ,19943510,$31.38 ,$31.96 ,$31.22 
2/26/2026,$32.70 ,15711500,$32.20 ,$32.99 ,$32.02 
2/25/2026,$31.70 ,13818930,$31.78 ,$31.94 ,$31.19 
2/24/2026,$31.61 ,15667800,$30.32 ,$31.64 ,$30.08 
2/23/2026,$30.42 ,24145890,$31.92 ,$32.37 ,$29.96 
2/20/2026,$31.99 ,18134870,$31.55 ,$32.36 ,$31.40 
2/19/2026,$31.55 ,23590670,$32.20 ,$32.69 ,$31.47 
2/18/2026,$32.54 ,17421150,$32.16 ,$33.17 ,$31.84 
2/17/2026,$32.68 ,21158220,$32.60 ,$33.21 ,$32.13 
2/13/2026,$31.77 ,18274780,$32.26 ,$32.38 ,$31.36 
2/12/2026,$32.60 ,21246430,$33.33 ,$33.75 ,$32.11 
2/11/2026,$33.09 ,18968650,$33.28 ,$33.56 ,$32.54 
2/10/2026,$33.35 ,21443370,$32.55 ,$33.65 ,$32.50 
2/9/2026,$32.81 ,18347650,$33.47 ,$33.62 ,$32.78 
2/6/2026,$33.99 ,27375420,$31.81 ,$34.03 ,$31.73 
2/5/2026,$31.45 ,17165690,$31.84 ,$32.61 ,$31.25 
2/4/2026,$32.09 ,23859970,$32.43 ,$32.43 ,$31.14 
2/3/2026,$31.94 ,29019690,$31.93 ,$33.15 ,$31.64 
2/2/2026,$32.45 ,30352470,$30.18 ,$32.69 ,$30.12 
1/30/2026,$30.02 ,22778760,$31.00 ,$31.00 ,$29.58 
1/29/2026,$31.15 ,40745530,$29.29 ,$31.44 ,$29.23 
1/28/2026,$28.72 ,19948870,$28.75 ,$29.31 ,$28.62 
1/27/2026,$28.69 ,10045400,$28.67 ,$28.72 ,$28.34 
1/26/2026,$28.67 ,15455250,$28.41 ,$28.89 ,$28.32 
1/23/2026,$28.55 ,18889890,$28.35 ,$28.87 ,$28.19 
1/22/2026,$28.49 ,16454780,$28.87 ,$28.97 ,$28.41 
1/21/2026,$28.25 ,15394090,$28.33 ,$28.53 ,$28.03 
1/20/2026,$28.02 ,20008660,$27.94 ,$28.69 ,$27.76 
1/16/2026,$28.92 ,16310450,$29.44 ,$29.49 ,$28.80 
1/15/2026,$29.44 ,19752050,$30.46 ,$30.56 ,$29.37 
1/14/2026,$30.18 ,23791610,$30.74 ,$30.76 ,$29.59 
1/13/2026,$30.99 ,19716390,$31.29 ,$31.53 ,$30.31 
1/12/2026,$31.61 ,14816090,$31.90 ,$32.00 ,$31.40 
1/9/2026,$32.13 ,14978570,$31.77 ,$32.18 ,$31.35 
1/8/2026,$31.69 ,20601600,$32.09 ,$32.47 ,$31.49 
1/7/2026,$32.11 ,18236320,$31.48 ,$32.19 ,$31.48 
1/6/2026,$32.30 ,23312500,$31.60 ,$32.80 ,$31.47 
1/5/2026,$31.49 ,21182330,$30.51 ,$31.79 ,$30.41 
1/2/2026,$30.92 ,15892050,$30.69 ,$31.22 ,$30.37 
12/31/2025,$30.54 ,8289858,$30.82 ,$30.90 ,$30.53 
12/30/2025,$30.82 ,9327592,$30.72 ,$31.01 ,$30.70 
12/29/2025,$30.72 ,14914700,$30.44 ,$30.72 ,$30.27 
12/26/2025,$30.70 ,10286950,$31.25 ,$31.45 ,$30.61 
12/24/2025,$31.25 ,7559243,$31.48 ,$31.62 ,$31.12 
12/23/2025,$31.66 ,24490110,$32.52 ,$32.89 ,$31.32 
12/22/2025,$32.20 ,29981710,$31.25 ,$32.36 ,$31.02 
12/19/2025,$31.12 ,84280950,$28.55 ,$31.49 ,$27.96 
12/18/2025,$28.34 ,22533820,$28.39 ,$28.51 ,$27.98 
12/17/2025,$28.03 ,18753730,$28.26 ,$28.90 ,$28.01 
12/16/2025,$28.20 ,22716650,$28.67 ,$29.04 ,$28.17 
12/15/2025,$28.60 ,21363740,$28.11 ,$28.81 ,$27.92 
12/12/2025,$27.62 ,16421270,$28.06 ,$28.16 ,$27.61 
12/11/2025,$27.84 ,24096720,$26.37 ,$28.09 ,$26.37 
12/10/2025,$26.28 ,17622050,$25.79 ,$26.56 ,$25.55 
12/9/2025,$25.51 ,17038470,$25.68 ,$25.86 ,$25.27 
12/8/2025,$26.01 ,15756310,$25.93 ,$26.15 ,$25.55 
12/5/2025,$25.87 ,10879910,$25.93 ,$26.04 ,$25.66 
12/4/2025,$25.82 ,15680480,$26.00 ,$26.07 ,$25.60 
12/3/2025,$26.04 ,20048830,$25.83 ,$26.15 ,$25.53 
12/2/2025,$25.84 ,17932890,$26.12 ,$26.15 ,$25.41 
12/1/2025,$25.93 ,17335320,$25.64 ,$25.98 ,$25.41 
11/28/2025,$25.78 ,12260680,$25.67 ,$26.01 ,$25.51 
11/26/2025,$25.43 ,30084180,$25.93 ,$25.95 ,$25.43 
11/25/2025,$25.72 ,32096750,$24.69 ,$26.36 ,$24.65 
11/24/2025,$24.76 ,42975780,$26.73 ,$26.86 ,$24.60 
11/21/2025,$26.56 ,18027590,$25.79 ,$26.82 ,$25.58 
11/20/2025,$25.32 ,21939920,$26.36 ,$26.63 ,$25.29 
11/19/2025,$26.08 ,12727100,$26.10 ,$26.39 ,$25.85 
11/18/2025,$25.76 ,17925260,$25.38 ,$26.01 ,$25.30 
11/17/2025,$25.36 ,16529960,$25.94 ,$26.06 ,$25.12 
11/14/2025,$26.02 ,14243730,$25.72 ,$26.17 ,$25.29 
11/13/2025,$26.14 ,18128510,$27.11 ,$27.41 ,$25.97 
11/12/2025,$27.13 ,17427290,$26.92 ,$27.82 ,$26.88 
11/11/2025,$26.79 ,16090300,$26.74 ,$27.19 ,$26.69 
11/10/2025,$26.89 ,21167220,$27.09 ,$27.43 ,$26.67 
11/7/2025,$26.73 ,18927730,$26.13 ,$27.13 ,$26.01 
11/6/2025,$26.37 ,16602420,$26.68 ,$27.03 ,$26.29 
11/5/2025,$26.90 ,21405880,$26.53 ,$27.28 ,$26.51 
11/4/2025,$26.11 ,39918950,$27.00 ,$27.31 ,$25.91 
11/3/2025,$28.71 ,21219850,$28.81 ,$28.96 ,$28.13 
10/31/2025,$28.83 ,44832650,$28.25 ,$28.98 ,$28.02 
10/30/2025,$28.33 ,23362450,$27.62 ,$28.93 ,$27.55 
10/29/2025,$27.87 ,32133820,$27.80 ,$28.41 ,$27.66 
10/28/2025,$27.86 ,36340400,$28.37 ,$28.49 ,$27.78 
10/27/2025,$29.42 ,19687490,$29.70 ,$29.89 ,$29.05 
10/24/2025,$29.40 ,19776060,$29.89 ,$30.15 ,$29.37 
10/23/2025,$29.44 ,19081420,$29.76 ,$30.10 ,$29.25 
10/22/2025,$30.00 ,19819600,$30.00 ,$30.37 ,$29.63 
10/21/2025,$29.97 ,19411360,$28.99 ,$30.02 ,$28.81 
10/20/2025,$28.86 ,15392310,$28.45 ,$29.06 ,$28.41 
10/17/2025,$28.31 ,16897380,$27.98 ,$28.57 ,$27.72 
10/16/2025,$28.21 ,18101240,$28.95 ,$29.12 ,$28.03 
10/15/2025,$28.84 ,13077130,$29.13 ,$29.40 ,$28.73 
10/14/2025,$28.96 ,18603420,$27.64 ,$29.27 ,$27.47 
10/13/2025,$28.09 ,13933520,$28.21 ,$28.52 ,$27.87 
10/10/2025,$27.69 ,17265740,$28.40 ,$28.79 ,$27.61 
10/9/2025,$28.45 ,13514360,$29.17 ,$29.23 ,$28.31 
10/8/2025,$28.92 ,15208910,$28.79 ,$29.26 ,$28.47 
10/7/2025,$28.71 ,24053610,$29.02 ,$29.03 ,$27.94 
10/6/2025,$29.09 ,21702860,$28.66 ,$29.15 ,$28.02 
10/3/2025,$28.57 ,23869120,$29.00 ,$29.24 ,$28.47 
10/2/2025,$28.85 ,20948970,$28.50 ,$29.00 ,$28.34 
10/1/2025,$28.36 ,29096880,$28.88 ,$29.11 ,$28.32 
9/30/2025,$28.91 ,38967510,$29.78 ,$30.15 ,$28.59 
9/29/2025,$29.40 ,102357500,$32.21 ,$32.50 ,$28.82 
9/26/2025,$30.62 ,22456430,$30.55 ,$30.75 ,$30.24 
9/25/2025,$30.48 ,24816930,$30.07 ,$30.73 ,$29.92 
9/24/2025,$30.37 ,15228910,$30.71 ,$30.85 ,$30.18 
9/23/2025,$30.71 ,21772550,$31.31 ,$31.67 ,$30.60 
9/22/2025,$30.71 ,17155200,$30.57 ,$30.89 ,$30.36 
9/19/2025,$30.52 ,33360020,$31.61 ,$31.72 ,$30.28 
9/18/2025,$31.45 ,15543790,$31.36 ,$31.59 ,$31.04 
9/17/2025,$31.19 ,18048250,$31.39 ,$31.58 ,$30.76 
9/16/2025,$31.20 ,19976930,$31.25 ,$31.25 ,$30.55 
9/15/2025,$31.24 ,25356670,$31.52 ,$31.54 ,$30.71 
9/12/2025,$31.51 ,13004140,$32.40 ,$32.42 ,$31.51 
9/11/2025,$32.47 ,22241380,$31.51 ,$32.80 ,$31.49 
9/10/2025,$31.36 ,19089830,$31.57 ,$31.88 ,$30.56 
9/9/2025,$31.57 ,13089300,$31.46 ,$32.07 ,$31.08 
9/8/2025,$31.56 ,20390270,$31.70 ,$32.09 ,$31.50 
9/5/2025,$31.57 ,12091680,$32.00 ,$32.24 ,$31.36 
9/4/2025,$31.76 ,10765880,$31.41 ,$31.92 ,$31.18 
9/3/2025,$31.33 ,12020540,$31.22 ,$31.75 ,$31.00 
9/2/2025,$31.16 ,15255620,$30.70 ,$31.20 ,$30.54 
8/29/2025,$31.89 ,14832460,$32.29 ,$32.62 ,$31.75 
8/28/2025,$32.49 ,13455150,$32.46 ,$32.77 ,$32.28 
8/27/2025,$32.34 ,21174640,$31.77 ,$32.40 ,$31.77 
8/26/2025,$31.87 ,17354750,$31.19 ,$31.91 ,$31.11 
8/25/2025,$31.25 ,15569700,$31.11 ,$31.38 ,$30.97 
8/22/2025,$31.30 ,27206100,$29.50 ,$31.38 ,$29.39 
8/21/2025,$29.27 ,10453200,$29.10 ,$29.48 ,$28.88 
8/20/2025,$29.26 ,12257340,$29.30 ,$29.38 ,$28.65 
8/19/2025,$29.57 ,13672880,$29.92 ,$29.92 ,$29.40 
8/18/2025,$29.97 ,18898130,$29.60 ,$30.12 ,$29.24 
8/15/2025,$29.76 ,10998180,$30.27 ,$30.29 ,$29.58 
8/14/2025,$30.25 ,15950550,$30.25 ,$30.30 ,$29.85 
8/13/2025,$30.64 ,22097790,$29.72 ,$30.66 ,$29.70 
8/12/2025,$29.64 ,14836820,$28.99 ,$29.65 ,$28.86 
8/11/2025,$28.61 ,13503940,$28.20 ,$28.85 ,$28.12 
8/8/2025,$28.37 ,18063010,$29.10 ,$29.14 ,$28.32 
8/7/2025,$29.01 ,15559180,$29.61 ,$29.71 ,$28.64 
8/6/2025,$29.24 ,11524330,$29.43 ,$29.46 ,$29.08 
8/5/2025,$29.28 ,12019960,$29.98 ,$30.00 ,$28.93 
8/4/2025,$29.72 ,15609450,$29.46 ,$29.87 ,$29.36 
8/1/2025,$29.07 ,26986590,$29.04 ,$29.19 ,$28.07 
7/31/2025,$29.77 ,23139570,$30.64 ,$30.92 ,$29.71 
7/30/2025,$30.14 ,25730710,$29.94 ,$30.43 ,$29.67 
7/29/2025,$29.70 ,22569560,$29.52 ,$29.89 ,$29.00 
7/28/2025,$29.73 ,15432990,$29.83 ,$29.88 ,$29.48 
7/25/2025,$29.75 ,13068130,$29.90 ,$29.96 ,$29.38 
7/24/2025,$29.78 ,16342080,$30.45 ,$30.52 ,$29.74 
7/23/2025,$30.74 ,22087380,$30.30 ,$31.01 ,$30.29 
7/22/2025,$29.89 ,12900600,$29.96 ,$30.07 ,$29.25 
7/21/2025,$29.79 ,17523780,$29.72 ,$30.23 ,$29.66 
7/18/2025,$29.55 ,17147510,$29.55 ,$29.64 ,$29.26 
7/17/2025,$29.45 ,18769930,$29.35 ,$29.51 ,$28.88 
7/16/2025,$29.04 ,17907820,$29.27 ,$29.51 ,$28.83 
7/15/2025,$28.97 ,18347530,$29.23 ,$29.29 ,$28.61 
7/14/2025,$29.32 ,16149980,$28.66 ,$29.38 ,$28.59 
7/11/2025,$28.66 ,14579220,$29.06 ,$29.19 ,$28.65 
7/10/2025,$29.10 ,22873510,$29.06 ,$29.41 ,$28.94 
7/9/2025,$28.83 ,23875300,$29.20 ,$29.29 ,$28.73 
7/8/2025,$28.84 ,26835510,$29.62 ,$29.74 ,$28.80 
7/7/2025,$29.31 ,45731620,$29.78 ,$30.46 ,$28.96 
7/3/2025,$29.96 ,20052790,$29.79 ,$30.24 ,$29.66 
7/2/2025,$29.65 ,33758030,$28.63 ,$29.72 ,$28.62 
7/1/2025,$28.64 ,35589170,$28.08 ,$28.83 ,$28.07 
6/30/2025,$28.12 ,32239400,$27.36 ,$28.18 ,$27.18 
6/27/2025,$27.26 ,46846160,$26.36 ,$27.35 ,$26.21 
6/26/2025,$26.17 ,29096470,$25.71 ,$26.27 ,$25.53 
6/25/2025,$25.48 ,27543740,$25.78 ,$25.80 ,$25.23 
6/24/2025,$25.70 ,70082440,$25.07 ,$26.53 ,$24.95 
6/23/2025,$24.04 ,43972140,$23.35 ,$24.10 ,$22.58 
6/20/2025,$23.77 ,23641150,$23.78 ,$23.90 ,$23.63 
6/18/2025,$23.61 ,19275540,$23.19 ,$23.81 ,$23.19 
6/17/2025,$23.28 ,25124060,$23.64 ,$23.95 ,$23.20 
6/16/2025,$23.84 ,32993550,$23.11 ,$23.85 ,$22.89 
6/13/2025,$22.41 ,36875880,$22.28 ,$22.83 ,$22.11 
6/12/2025,$23.57 ,22811700,$23.58 ,$23.74 ,$23.24 
6/11/2025,$23.87 ,21334480,$24.61 ,$24.63 ,$23.78 
6/10/2025,$24.51 ,14021790,$24.26 ,$24.52 ,$24.12 
6/9/2025,$24.21 ,17924500,$24.46 ,$24.66 ,$24.16 
6/6/2025,$24.28 ,16655130,$24.29 ,$24.32 ,$24.00 
6/5/2025,$24.02 ,23993030,$23.77 ,$24.40 ,$23.68 
6/4/2025,$23.83 ,21135570,$23.92 ,$24.01 ,$23.59 
6/3/2025,$23.93 ,21199690,$23.61 ,$24.03 ,$23.48 
6/2/2025,$23.54 ,19914900,$23.07 ,$23.59 ,$22.90 
5/30/2025,$23.22 ,22350640,$23.05 ,$23.34 ,$22.90 
5/29/2025,$23.16 ,14961790,$23.05 ,$23.34 ,$22.92 
5/28/2025,$23.00 ,18060780,$23.44 ,$23.45 ,$22.96 
5/27/2025,$23.60 ,27592640,$22.59 ,$23.67 ,$22.59 
5/23/2025,$22.25 ,15876630,$21.73 ,$22.30 ,$21.62 
5/22/2025,$22.43 ,15230970,$22.05 ,$22.54 ,$22.03 
5/21/2025,$22.04 ,22318780,$22.53 ,$22.60 ,$21.84 
5/20/2025,$22.90 ,18785190,$22.97 ,$23.09 ,$22.60 
5/19/2025,$23.39 ,19197090,$22.98 ,$23.41 ,$22.75 
5/16/2025,$23.39 ,18741010,$23.26 ,$23.46 ,$23.05 
5/15/2025,$23.00 ,25853400,$22.75 ,$23.11 ,$22.50 
5/14/2025,$22.99 ,28264100,$22.72 ,$23.23 ,$22.70 
5/13/2025,$22.74 ,27784480,$22.22 ,$22.78 ,$21.98 
5/12/2025,$22.13 ,43025840,$21.59 ,$22.36 ,$21.55 
5/9/2025,$20.19 ,17379270,$20.23 ,$20.37 ,$19.92 
5/8/2025,$20.25 ,30449310,$19.98 ,$20.50 ,$19.90 
5/7/2025,$19.69 ,23045130,$19.71 ,$20.01 ,$19.44 
5/6/2025,$19.53 ,15400380,$19.22 ,$19.72 ,$19.22 
5/5/2025,$19.56 ,16771350,$19.12 ,$19.89 ,$19.06 
5/2/2025,$19.57 ,27621660,$19.04 ,$19.64 ,$19.02 
5/1/2025,$18.63 ,20649050,$18.68 ,$18.80 ,$18.51 
4/30/2025,$18.34 ,31787800,$17.79 ,$18.35 ,$17.33 
4/29/2025,$18.71 ,30363290,$19.17 ,$19.22 ,$18.31 
4/28/2025,$18.86 ,18025410,$18.84 ,$19.33 ,$18.73 
4/25/2025,$18.60 ,14859310,$18.70 ,$18.88 ,$18.39 
4/24/2025,$18.70 ,17254660,$18.43 ,$18.80 ,$18.31 
4/23/2025,$18.48 ,21605320,$18.88 ,$19.52 ,$18.40 
4/22/2025,$17.98 ,18510440,$17.55 ,$17.99 ,$17.47 
4/21/2025,$17.24 ,18735410,$17.59 ,$17.84 ,$17.05 
4/17/2025,$17.99 ,17701880,$17.89 ,$18.22 ,$17.69 
4/16/2025,$17.87 ,21109340,$17.85 ,$18.25 ,$17.52 
4/15/2025,$18.00 ,22760930,$17.92 ,$18.03 ,$17.59 
4/14/2025,$17.82 ,21774720,$18.28 ,$18.38 ,$17.42 
4/11/2025,$17.64 ,18749030,$17.52 ,$17.82 ,$17.10 
4/10/2025,$17.60 ,47116870,$18.32 ,$18.60 ,$17.08 
4/9/2025,$19.61 ,66938960,$16.77 ,$19.98 ,$16.61 
4/8/2025,$16.69 ,42041120,$17.78 ,$18.00 ,$16.34 
4/7/2025,$16.43 ,41421780,$15.33 ,$17.45 ,$15.07 
4/4/2025,$16.50 ,39839250,$16.49 ,$16.74 ,$15.61 
4/3/2025,$17.28 ,46293340,$18.41 ,$18.46 ,$17.25 
4/2/2025,$20.02 ,20896960,$19.03 ,$20.05 ,$19.03 
4/1/2025,$19.39 ,20870150,$19.60 ,$19.67 ,$18.87 
3/31/2025,$19.53 ,25028400,$19.16 ,$19.69 ,$18.77 
3/28/2025,$19.87 ,18880870,$20.70 ,$20.70 ,$19.66 
3/27/2025,$20.78 ,14326940,$20.75 ,$21.17 ,$20.53 
3/26/2025,$20.93 ,16018680,$21.17 ,$21.39 ,$20.75 
3/25/2025,$21.26 ,18816760,$21.57 ,$21.78 ,$21.05 
3/24/2025,$21.44 ,21696770,$21.53 ,$21.75 ,$21.05 
3/21/2025,$20.94 ,59554680,$20.39 ,$21.53 ,$19.82 
3/20/2025,$21.20 ,29910560,$20.74 ,$21.56 ,$20.73 
3/19/2025,$21.05 ,31084050,$20.30 ,$21.37 ,$20.28 
3/18/2025,$20.12 ,26922280,$20.59 ,$20.74 ,$19.86 
3/17/2025,$20.89 ,27688140,$20.27 ,$21.02 ,$20.25 
3/14/2025,$19.92 ,22467870,$19.41 ,$19.94 ,$19.25 
3/13/2025,$19.12 ,28369710,$19.52 ,$19.79 ,$18.78 
3/12/2025,$19.50 ,30901460,$19.44 ,$19.95 ,$19.22 
3/11/2025,$19.10 ,46610160,$18.89 ,$19.20 ,$18.16 
3/10/2025,$19.08 ,41514060,$19.96 ,$20.00 ,$18.66 
3/7/2025,$20.64 ,34604900,$20.86 ,$20.86 ,$19.83 
3/6/2025,$20.87 ,26983490,$21.56 ,$21.87 ,$20.80 
3/5/2025,$22.34 ,28569260,$22.05 ,$22.37 ,$21.73 
3/4/2025,$21.91 ,44502460,$22.53 ,$22.65 ,$21.44 
3/3/2025,$23.26 ,18348980,$23.82 ,$24.47 ,$23.02 
2/28/2025,$23.93 ,16216940,$23.55 ,$23.95 ,$23.28 
2/27/2025,$23.50 ,18890620,$24.41 ,$24.57 ,$23.23 
2/26/2025,$24.12 ,12983250,$24.08 ,$24.60 ,$23.82 
2/25/2025,$23.74 ,19622190,$24.08 ,$24.11 ,$23.31 
2/24/2025,$23.63 ,21830730,$23.72 ,$24.05 ,$23.26 
2/21/2025,$23.22 ,31226450,$24.70 ,$24.70 ,$22.82 
2/20/2025,$24.56 ,52245840,$25.59 ,$25.68 ,$23.42 
2/19/2025,$26.09 ,13325360,$25.53 ,$26.10 ,$25.20 
2/18/2025,$25.73 ,22472240,$26.15 ,$26.39 ,$25.38 
2/14/2025,$26.23 ,12164820,$25.98 ,$26.25 ,$25.48 
2/13/2025,$25.86 ,14560060,$25.99 ,$26.34 ,$25.38 
2/12/2025,$25.89 ,13942610,$25.20 ,$25.90 ,$25.06 
2/11/2025,$25.61 ,14040790,$25.80 ,$25.85 ,$25.33 
2/10/2025,$26.10 ,14713090,$26.75 ,$26.93 ,$26.01 
2/7/2025,$26.75 ,15149200,$27.54 ,$27.82 ,$26.67 
2/6/2025,$27.44 ,14071180,$27.28 ,$27.57 ,$26.94 
2/5/2025,$27.19 ,13072160,$27.29 ,$27.59 ,$26.74 
2/4/2025,$27.09 ,18287110,$27.18 ,$27.34 ,$26.61 
2/3/2025,$27.05 ,18261640,$26.52 ,$27.53 ,$26.27 
1/31/2025,$27.67 ,18067980,$28.53 ,$28.72 ,$27.60 
1/30/2025,$28.49 ,19955990,$28.16 ,$28.50 ,$28.01 
1/29/2025,$27.91 ,39258130,$27.77 ,$28.12 ,$27.37 
1/28/2025,$27.77 ,37778500,$25.79 ,$27.82 ,$25.76 
1/27/2025,$25.68 ,17600280,$25.01 ,$25.87 ,$24.88 
1/24/2025,$25.42 ,17631650,$25.52 ,$25.74 ,$25.35 
1/23/2025,$25.61 ,15381940,$25.25 ,$25.65 ,$24.95 
1/22/2025,$25.25 ,16706290,$25.87 ,$25.92 ,$25.11 
1/21/2025,$25.60 ,30257360,$26.44 ,$26.77 ,$25.53 
1/17/2025,$25.85 ,21345380,$25.20 ,$26.11 ,$25.17 
1/16/2025,$25.05 ,14694650,$24.91 ,$25.11 ,$24.59 
1/15/2025,$24.94 ,27603630,$25.22 ,$25.28 ,$24.67 
1/14/2025,$24.51 ,16470090,$24.08 ,$24.59 ,$23.83 
1/13/2025,$23.89 ,16174120,$23.73 ,$24.18 ,$23.56 
1/10/2025,$24.27 ,20698560,$23.55 ,$24.52 ,$23.34 
1/8/2025,$24.18 ,18531010,$23.51 ,$24.27 ,$23.40 
1/7/2025,$23.84 ,23142460,$24.08 ,$24.17 ,$23.27 
1/6/2025,$24.13 ,20057280,$24.65 ,$24.74 ,$24.06 
1/3/2025,$24.38 ,20575510,$25.03 ,$25.10 ,$23.93 
1/2/2025,$25.01 ,26418690,$25.13 ,$25.40 ,$24.60 
12/31/2024,$24.92 ,10363480,$24.86 ,$25.38 ,$24.86 
12/30/2024,$25.05 ,15497630,$24.54 ,$25.35 ,$24.31 
12/27/2024,$25.08 ,14967430,$25.41 ,$25.54 ,$24.89 
12/26/2024,$25.66 ,12380800,$25.48 ,$25.83 ,$25.37 
12/24/2024,$25.79 ,10234860,$26.00 ,$26.05 ,$25.42 
12/23/2024,$25.73 ,35169580,$26.52 ,$26.54 ,$25.26 
12/20/2024,$26.80 ,61014990,$25.78 ,$27.14 ,$25.44 
12/19/2024,$25.18 ,21381730,$25.00 ,$25.45 ,$24.77 
12/18/2024,$24.82 ,21896680,$26.11 ,$26.19 ,$24.55 
12/17/2024,$25.72 ,17328010,$25.87 ,$25.99 ,$25.40 
12/16/2024,$25.91 ,15710900,$26.28 ,$26.46 ,$25.85 
12/13/2024,$25.90 ,13799140,$26.29 ,$26.41 ,$25.78 
12/12/2024,$26.18 ,15743810,$26.50 ,$26.78 ,$26.18 
12/11/2024,$26.61 ,15172130,$25.93 ,$26.62 ,$25.93 
12/10/2024,$25.83 ,18652700,$25.96 ,$26.36 ,$25.64 
12/9/2024,$25.39 ,19616040,$26.56 ,$26.60 ,$25.33 
12/6/2024,$26.61 ,18633150,$26.49 ,$26.65 ,$25.89 
12/5/2024,$26.45 ,21657670,$26.99 ,$27.17 ,$26.42 
12/4/2024,$26.78 ,19191550,$26.26 ,$26.79 ,$26.26 
12/3/2024,$26.11 ,19172770,$26.09 ,$26.57 ,$25.93 
12/2/2024,$25.99 ,21179740,$25.67 ,$26.66 ,$25.63 
11/29/2024,$25.43 ,8047732,$25.27 ,$25.58 ,$25.26 
11/27/2024,$25.14 ,9131338,$25.35 ,$25.52 ,$25.14 
11/26/2024,$25.34 ,20993050,$25.08 ,$25.80 ,$24.97 
11/25/2024,$25.19 ,24680880,$25.20 ,$25.44 ,$25.05 
11/22/2024,$24.90 ,32540390,$25.35 ,$25.58 ,$24.85 
11/21/2024,$25.35 ,19109450,$25.13 ,$25.60 ,$25.00 
11/20/2024,$25.08 ,14495960,$25.18 ,$25.45 ,$24.89 
11/19/2024,$25.13 ,27670700,$24.00 ,$25.22 ,$23.86 
11/18/2024,$24.51 ,24156000,$24.22 ,$24.64 ,$23.95 
11/15/2024,$24.31 ,18241910,$24.01 ,$24.41 ,$23.92 
11/14/2024,$24.31 ,20945300,$24.57 ,$24.99 ,$24.26 
11/13/2024,$24.55 ,17563940,$24.58 ,$24.83 ,$24.32 
11/12/2024,$24.59 ,18197440,$24.22 ,$24.78 ,$24.21 
11/11/2024,$24.60 ,20466830,$24.50 ,$24.73 ,$24.01 
11/8/2024,$24.07 ,18979460,$23.70 ,$24.41 ,$23.67 
11/7/2024,$23.68 ,24617770,$23.83 ,$24.19 ,$23.68 
11/6/2024,$24.23 ,48010990,$23.63 ,$24.34 ,$23.51 
11/5/2024,$22.45 ,17652310,$21.94 ,$22.67 ,$21.94 
11/4/2024,$21.91 ,16784930,$21.80 ,$22.21 ,$21.55 
11/1/2024,$21.90 ,23498960,$22.00 ,$22.15 ,$21.75 
10/31/2024,$22.00 ,32433280,$22.49 ,$23.05 ,$21.91 
10/30/2024,$22.16 ,23747320,$21.92 ,$22.30 ,$21.72 
10/29/2024,$22.10 ,27969830,$21.47 ,$22.35 ,$21.43 
10/28/2024,$21.92 ,32073400,$21.72 ,$22.39 ,$21.55 
10/25/2024,$20.91 ,16284030,$20.98 ,$21.06 ,$20.74 
10/24/2024,$20.91 ,15605380,$21.05 ,$21.25 ,$20.61 
10/23/2024,$21.00 ,15934810,$21.28 ,$21.40 ,$20.82 
10/22/2024,$21.45 ,19644120,$21.17 ,$21.56 ,$20.78 
10/21/2024,$21.28 ,17595590,$21.25 ,$21.38 ,$21.03 
10/18/2024,$21.32 ,17996290,$21.36 ,$21.42 ,$21.05 
10/17/2024,$21.41 ,20065320,$21.62 ,$21.78 ,$21.23 
10/16/2024,$21.40 ,22859800,$21.57 ,$21.67 ,$21.29 
10/15/2024,$21.55 ,46916660,$20.78 ,$21.80 ,$20.76 
10/14/2024,$20.21 ,27465880,$20.33 ,$20.43 ,$19.97 
10/11/2024,$20.43 ,28855370,$20.46 ,$20.81 ,$20.36 
10/10/2024,$20.39 ,38703110,$19.86 ,$20.50 ,$19.72 
10/9/2024,$20.20 ,70901670,$19.15 ,$20.45 ,$19.09 
10/8/2024,$18.87 ,35723370,$18.08 ,$18.99 ,$18.07 
10/7/2024,$18.01 ,31436440,$17.99 ,$18.42 ,$17.83 
10/4/2024,$18.02 ,31753080,$17.68 ,$18.15 ,$17.55 
10/3/2024,$17.34 ,31611030,$17.43 ,$17.70 ,$17.11 
10/2/2024,$17.71 ,29643720,$17.71 ,$17.86 ,$17.48 
10/1/2024,$18.02 ,45154330,$18.70 ,$18.82 ,$17.62 
9/30/2024,$18.48 ,68574020,$18.67 ,$18.72 ,$17.33 
9/27/2024,$18.54 ,34530750,$18.80 ,$18.87 ,$18.48 
9/26/2024,$18.68 ,31889030,$18.43 ,$18.90 ,$18.38 
9/25/2024,$18.04 ,32886920,$18.67 ,$18.69 ,$17.99 
9/24/2024,$18.73 ,32022100,$19.00 ,$19.01 ,$18.37 
9/23/2024,$18.97 ,27346840,$19.00 ,$19.02 ,$18.71 
9/20/2024,$19.00 ,36581250,$18.70 ,$19.09 ,$18.55 
9/19/2024,$18.76 ,25872350,$18.93 ,$18.99 ,$18.62 
9/18/2024,$18.36 ,30907100,$18.13 ,$18.74 ,$18.13 
9/17/2024,$18.03 ,24716420,$18.04 ,$18.18 ,$17.87 
9/16/2024,$17.83 ,27539900,$17.37 ,$17.94 ,$17.27 
9/13/2024,$17.26 ,23340840,$17.01 ,$17.49 ,$17.00 
9/12/2024,$16.92 ,27610350,$16.64 ,$17.17 ,$16.62 
9/11/2024,$16.54 ,31864350,$16.11 ,$16.55 ,$15.88 
9/10/2024,$16.14 ,17919670,$16.13 ,$16.17 ,$15.49 
9/9/2024,$16.03 ,21478390,$15.88 ,$16.21 ,$15.85 
9/6/2024,$15.67 ,24505610,$16.21 ,$16.46 ,$15.50 
9/5/2024,$16.15 ,15078890,$16.30 ,$16.59 ,$16.07 
9/4/2024,$16.15 ,18999250,$16.23 ,$16.52 ,$15.99 
9/3/2024,$16.34 ,23606050,$16.30 ,$16.79 ,$16.20 
8/30/2024,$16.50 ,20664210,$16.62 ,$16.79 ,$16.25 
8/29/2024,$16.54 ,22799990,$16.79 ,$16.87 ,$16.51 
8/28/2024,$16.63 ,24878390,$16.93 ,$17.02 ,$16.49 
8/27/2024,$17.04 ,30136590,$16.55 ,$17.37 ,$16.51 
8/26/2024,$16.60 ,21673620,$16.60 ,$16.71 ,$16.41 
8/23/2024,$16.61 ,42378860,$15.52 ,$16.75 ,$15.47 
8/22/2024,$15.45 ,18683590,$15.66 ,$15.67 ,$15.32 
8/21/2024,$15.49 ,13809530,$15.41 ,$15.61 ,$15.30 
8/20/2024,$15.32 ,20241860,$15.53 ,$15.53 ,$15.28 
8/19/2024,$15.60 ,17931340,$15.49 ,$15.67 ,$15.42 
8/16/2024,$15.46 ,23514040,$15.65 ,$15.67 ,$15.31 
8/15/2024,$15.74 ,32425420,$15.06 ,$15.79 ,$15.04 
8/14/2024,$14.76 ,23096990,$14.90 ,$15.08 ,$14.53 
8/13/2024,$14.87 ,18842810,$14.80 ,$14.91 ,$14.56 
8/12/2024,$14.60 ,19250760,$14.79 ,$14.85 ,$14.49 
8/9/2024,$14.77 ,26030010,$14.49 ,$14.85 ,$14.49 
8/8/2024,$14.49 ,24132100,$14.11 ,$14.55 ,$14.08 
8/7/2024,$14.01 ,29573280,$14.80 ,$14.84 ,$13.95 
8/6/2024,$14.54 ,32738560,$14.45 ,$15.04 ,$14.44 
8/5/2024,$14.40 ,35572320,$13.87 ,$14.71 ,$13.78 
8/2/2024,$14.80 ,44420020,$15.16 ,$15.20 ,$14.63 
8/1/2024,$15.76 ,41570920,$16.79 ,$16.87 ,$15.48 
7/31/2024,$16.66 ,38380670,$17.43 ,$17.53 ,$16.65 
7/30/2024,$17.12 ,20316770,$17.33 ,$17.40 ,$17.07 
7/29/2024,$17.25 ,16795890,$17.34 ,$17.54 ,$17.03 
7/26/2024,$17.27 ,20816920,$17.38 ,$17.51 ,$17.12 
7/25/2024,$17.10 ,34773370,$18.16 ,$18.16 ,$17.08 
7/24/2024,$18.19 ,28171390,$18.87 ,$19.03 ,$18.18 
7/23/2024,$19.07 ,35636010,$18.51 ,$19.48 ,$18.46 
7/22/2024,$18.42 ,21676000,$18.40 ,$18.74 ,$18.20 
7/19/2024,$18.43 ,13619910,$18.29 ,$18.50 ,$18.16 
7/18/2024,$18.25 ,20659630,$18.46 ,$18.70 ,$18.10 
7/17/2024,$18.40 ,30846560,$18.68 ,$19.12 ,$18.40 
7/16/2024,$19.18 ,28752590,$18.40 ,$19.24 ,$18.38 
7/15/2024,$18.32 ,25269120,$18.30 ,$18.34 ,$17.79 
7/12/2024,$18.23 ,22504450,$18.15 ,$18.57 ,$18.15 
7/11/2024,$18.12 ,30702560,$17.68 ,$18.15 ,$17.31 
7/10/2024,$17.74 ,22307840,$18.12 ,$18.17 ,$17.73 
7/9/2024,$17.90 ,26311500,$17.51 ,$18.11 ,$17.50 
7/8/2024,$17.56 ,29603550,$17.33 ,$17.88 ,$17.33 
7/5/2024,$17.21 ,25550000,$17.53 ,$17.54 ,$17.01 
7/3/2024,$17.45 ,14095440,$17.56 ,$17.59 ,$17.32 
7/2/2024,$17.56 ,24523780,$17.67 ,$17.99 ,$17.51 
7/1/2024,$17.71 ,41781060,$18.65 ,$18.74 ,$17.46 
6/28/2024,$18.72 ,34276990,$18.63 ,$18.92 ,$18.57 
6/27/2024,$18.61 ,38085600,$18.49 ,$18.66 ,$18.13 
6/26/2024,$18.37 ,55127820,$17.90 ,$18.50 ,$17.79 
6/25/2024,$17.82 ,106131400,$17.02 ,$18.01 ,$16.66 
6/24/2024,$16.39 ,38154590,$16.29 ,$16.50 ,$16.00 
6/21/2024,$16.07 ,25164160,$15.94 ,$16.10 ,$15.77 
6/20/2024,$16.06 ,21089890,$15.75 ,$16.15 ,$15.70 
6/18/2024,$15.95 ,28003650,$16.10 ,$16.27 ,$15.81 
6/17/2024,$15.69 ,25057410,$15.26 ,$15.78 ,$14.98 
6/14/2024,$15.34 ,56577710,$16.17 ,$16.23 ,$15.04 
6/13/2024,$16.51 ,21689170,$16.68 ,$16.70 ,$16.27 
6/12/2024,$16.74 ,25555900,$16.75 ,$17.03 ,$16.70 
6/11/2024,$16.34 ,13762560,$16.49 ,$16.50 ,$16.23 
6/10/2024,$16.53 ,16667320,$16.59 ,$16.84 ,$16.36 
6/7/2024,$16.70 ,17319790,$16.44 ,$16.75 ,$16.41 
6/6/2024,$16.62 ,23698620,$16.89 ,$17.07 ,$16.57 
6/5/2024,$16.95 ,29171090,$17.00 ,$17.06 ,$16.56 
6/4/2024,$16.94 ,51622180,$16.17 ,$16.96 ,$16.14 
6/3/2024,$16.01 ,43854770,$15.21 ,$16.04 ,$15.20 
5/31/2024,$15.08 ,27997800,$15.30 ,$15.43 ,$14.96 
5/30/2024,$15.20 ,27452700,$15.23 ,$15.45 ,$15.08 
5/29/2024,$15.22 ,37684790,$15.21 ,$15.30 ,$14.74 
5/28/2024,$15.65 ,27374260,$15.20 ,$15.70 ,$15.18 
5/24/2024,$15.13 ,21930830,$14.81 ,$15.14 ,$14.80 
5/23/2024,$14.78 ,33957700,$15.65 ,$15.74 ,$14.77 
5/22/2024,$15.65 ,29002470,$16.14 ,$16.19 ,$15.59 
5/21/2024,$16.20 ,29685620,$15.96 ,$16.20 ,$15.85 
5/20/2024,$16.09 ,53286330,$15.39 ,$16.24 ,$15.31 
5/17/2024,$15.00 ,22775910,$14.99 ,$15.12 ,$14.93 
5/16/2024,$14.90 ,29313600,$14.94 ,$15.08 ,$14.82 
5/15/2024,$14.86 ,35205340,$14.61 ,$15.02 ,$14.58 
5/14/2024,$14.52 ,24220000,$14.68 ,$14.76 ,$14.41 
5/13/2024,$14.56 ,24898140,$14.46 ,$14.69 ,$14.45 
5/10/2024,$14.43 ,16374040,$14.63 ,$14.63 ,$14.34 
5/9/2024,$14.56 ,24245800,$14.31 ,$14.70 ,$14.27 
5/8/2024,$14.30 ,23651390,$14.02 ,$14.33 ,$13.98 
5/7/2024,$14.12 ,25935050,$14.53 ,$14.59 ,$14.12 
5/6/2024,$14.60 ,29357230,$14.59 ,$14.71 ,$14.44 
5/3/2024,$14.44 ,23570420,$14.76 ,$14.87 ,$14.37 
5/2/2024,$14.46 ,19596380,$14.61 ,$14.68 ,$14.36 
5/1/2024,$14.47 ,33944510,$14.63 ,$14.80 ,$14.21 
4/30/2024,$14.82 ,22986150,$14.95 ,$15.14 ,$14.77 
4/29/2024,$15.13 ,19629750,$15.08 ,$15.28 ,$14.85 
4/26/2024,$15.08 ,20458960,$15.18 ,$15.23 ,$14.91 
4/25/2024,$15.18 ,29288020,$15.06 ,$15.20 ,$14.80 
4/24/2024,$15.01 ,24536470,$14.83 ,$15.05 ,$14.77 
4/23/2024,$14.79 ,25455350,$14.40 ,$14.94 ,$14.33 
4/22/2024,$14.28 ,24348310,$14.35 ,$14.41 ,$14.07 
4/19/2024,$14.12 ,29493400,$14.10 ,$14.31 ,$14.05 
4/18/2024,$14.18 ,23061090,$14.21 ,$14.56 ,$14.16 
4/17/2024,$14.12 ,22639790,$14.19 ,$14.30 ,$14.01 
4/16/2024,$13.90 ,27095110,$14.02 ,$14.08 ,$13.80 
4/15/2024,$14.06 ,30780010,$14.66 ,$14.76 ,$13.92 
4/12/2024,$14.36 ,34056660,$14.71 ,$14.74 ,$14.23 
4/11/2024,$14.97 ,26083940,$14.88 ,$15.03 ,$14.59 
4/10/2024,$14.95 ,33185590,$15.15 ,$15.34 ,$14.79 
4/9/2024,$15.50 ,25768040,$15.62 ,$15.71 ,$15.15 
4/8/2024,$15.66 ,26731530,$15.25 ,$15.68 ,$15.24 
4/5/2024,$15.12 ,29861000,$15.01 ,$15.16 ,$14.84 
4/4/2024,$15.06 ,35613170,$15.59 ,$15.80 ,$14.98 
4/3/2024,$15.34 ,26613260,$15.35 ,$15.60 ,$15.25 
4/2/2024,$15.48 ,35824450,$15.84 ,$15.88 ,$15.41 
4/1/2024,$16.26 ,33043880,$16.48 ,$16.67 ,$16.06 
3/28/2024,$16.34 ,60284330,$17.00 ,$17.13 ,$16.31 
3/27/2024,$17.19 ,112964400,$16.61 ,$17.68 ,$16.17 
3/26/2024,$17.03 ,65639170,$17.45 ,$17.62 ,$16.79 
3/25/2024,$17.11 ,41079590,$17.34 ,$17.67 ,$17.09 
3/22/2024,$17.08 ,18601300,$17.07 ,$17.18 ,$16.96 
3/21/2024,$17.02 ,31116830,$17.07 ,$17.28 ,$16.87 
3/20/2024,$16.85 ,29629780,$16.08 ,$16.85 ,$16.04 
3/19/2024,$16.08 ,21516070,$16.11 ,$16.20 ,$15.89 
3/18/2024,$16.19 ,25799400,$16.36 ,$16.65 ,$16.12 
3/15/2024,$16.26 ,24012910,$16.19 ,$16.38 ,$16.08 
3/14/2024,$16.20 ,23985120,$16.54 ,$16.62 ,$16.14 
3/13/2024,$16.65 ,32798660,$16.40 ,$16.94 ,$16.35 
3/12/2024,$16.24 ,22403630,$16.24 ,$16.25 ,$15.91 
3/11/2024,$16.23 ,24125260,$16.36 ,$16.38 ,$16.07 
3/8/2024,$16.37 ,44025130,$15.96 ,$16.78 ,$15.68 
3/7/2024,$15.66 ,26335600,$16.16 ,$16.23 ,$15.61 
3/6/2024,$16.01 ,21260400,$16.15 ,$16.33 ,$15.88 
3/5/2024,$15.89 ,26446460,$15.92 ,$16.16 ,$15.76 
3/4/2024,$16.07 ,26876040,$16.06 ,$16.41 ,$16.02 
3/1/2024,$16.00 ,22562790,$15.90 ,$16.11 ,$15.65 
2/29/2024,$15.86 ,34166760,$15.52 ,$15.94 ,$15.44 
2/28/2024,$15.47 ,28772640,$15.72 ,$16.12 ,$15.43 
2/27/2024,$15.91 ,56116030,$16.01 ,$16.21 ,$15.49 
2/26/2024,$14.78 ,25467280,$15.15 ,$15.25 ,$14.77 
2/23/2024,$15.23 ,26825190,$15.04 ,$15.46 ,$14.95 
2/22/2024,$15.21 ,39773450,$15.55 ,$15.61 ,$15.10 
2/21/2024,$14.71 ,18644550,$14.62 ,$14.75 ,$14.54 
2/20/2024,$14.76 ,24917130,$14.75 ,$14.83 ,$14.44 
2/16/2024,$14.80 ,24237570,$15.02 ,$15.12 ,$14.77 
2/15/2024,$15.22 ,26700110,$15.36 ,$15.61 ,$15.14 
2/14/2024,$15.27 ,25927060,$15.26 ,$15.36 ,$14.84 
2/13/2024,$15.12 ,26733650,$15.03 ,$15.24 ,$14.90 
2/12/2024,$15.49 ,28026380,$15.33 ,$15.64 ,$15.28 
2/9/2024,$15.31 ,45686610,$15.68 ,$15.74 ,$14.96 
2/8/2024,$15.69 ,25544970,$15.64 ,$15.79 ,$15.42 
2/7/2024,$15.72 ,27082350,$16.00 ,$16.03 ,$15.61 
2/6/2024,$15.97 ,22673050,$15.76 ,$16.13 ,$15.56 
2/5/2024,$15.83 ,32575510,$16.21 ,$16.25 ,$15.64 
2/2/2024,$16.44 ,32332120,$16.63 ,$16.66 ,$16.14 
2/1/2024,$16.80 ,41876580,$17.09 ,$17.24 ,$16.22 
1/31/2024,$16.58 ,37512810,$16.40 ,$17.18 ,$16.35 
1/30/2024,$16.47 ,42567930,$16.81 ,$17.20 ,$16.39 
1/29/2024,$16.55 ,37138350,$15.70 ,$16.55 ,$15.69 
1/26/2024,$15.83 ,39896550,$16.50 ,$16.51 ,$15.81 
1/25/2024,$16.47 ,40046690,$16.28 ,$16.50 ,$16.21 
1/24/2024,$16.08 ,35602630,$16.50 ,$16.75 ,$16.06 
1/23/2024,$16.25 ,40097230,$16.51 ,$16.78 ,$16.21 
1/22/2024,$16.64 ,54154950,$17.50 ,$17.55 ,$16.39 
1/19/2024,$17.33 ,21539360,$17.22 ,$17.35 ,$16.82 
1/18/2024,$17.28 ,31558380,$17.12 ,$17.65 ,$16.84 
1/17/2024,$16.86 ,15919010,$16.57 ,$16.98 ,$16.57 
1/16/2024,$17.03 ,24477240,$16.65 ,$17.10 ,$16.53 
1/12/2024,$16.96 ,24801370,$17.53 ,$17.53 ,$16.74 
1/11/2024,$17.53 ,23338930,$17.74 ,$17.78 ,$17.16 
1/10/2024,$17.78 ,24717360,$17.26 ,$17.83 ,$17.19 
1/9/2024,$17.38 ,21012980,$17.05 ,$17.56 ,$17.05 
1/8/2024,$17.35 ,26151640,$17.41 ,$17.58 ,$17.04 
1/5/2024,$17.33 ,34785400,$16.90 ,$17.56 ,$16.85 
1/4/2024,$16.85 ,33978610,$16.35 ,$17.10 ,$16.30 
1/3/2024,$16.35 ,43978500,$16.76 ,$16.90 ,$16.26 
1/2/2024,$17.29 ,36400240,$18.31 ,$18.34 ,$17.21 
12/29/2023,$18.54 ,25436670,$18.64 ,$18.88 ,$18.53 
12/28/2023,$18.67 ,17540740,$18.62 ,$18.76 ,$18.54 
12/27/2023,$18.54 ,25594220,$18.40 ,$18.61 ,$18.20 
12/26/2023,$18.61 ,26668600,$18.79 ,$18.86 ,$18.36 
12/22/2023,$18.93 ,38240400,$19.14 ,$19.74 ,$18.70 
12/21/2023,$19.19 ,63822540,$18.50 ,$19.50 ,$18.33 
12/20/2023,$18.07 ,34109660,$18.64 ,$18.80 ,$18.06 
12/19/2023,$18.71 ,27102180,$18.45 ,$18.86 ,$18.40 
12/18/2023,$18.36 ,26063310,$18.53 ,$18.72 ,$18.21 
12/15/2023,$18.61 ,36118110,$18.68 ,$18.95 ,$18.55 
12/14/2023,$18.78 ,41074520,$18.50 ,$19.23 ,$18.48 
12/13/2023,$18.27 ,38465370,$17.75 ,$18.30 ,$17.62 
12/12/2023,$17.82 ,22240590,$17.64 ,$18.05 ,$17.61 
12/11/2023,$17.63 ,34179170,$18.01 ,$18.06 ,$17.46 
12/8/2023,$18.11 ,32726960,$17.92 ,$18.14 ,$17.84 
12/7/2023,$17.93 ,33502930,$17.55 ,$18.04 ,$17.43 
12/6/2023,$17.48 ,43374510,$16.82 ,$17.82 ,$16.80 
12/5/2023,$16.50 ,27681690,$16.20 ,$16.62 ,$16.15 
12/4/2023,$16.35 ,36854500,$15.75 ,$16.41 ,$15.75 
12/1/2023,$15.76 ,31943610,$15.12 ,$15.77 ,$15.03 
11/30/2023,$15.06 ,30451050,$15.09 ,$15.19 ,$14.83 
11/29/2023,$14.91 ,27451420,$14.81 ,$15.30 ,$14.76 
11/28/2023,$14.63 ,18419180,$14.68 ,$14.78 ,$14.48 
11/27/2023,$14.62 ,21496810,$14.38 ,$14.74 ,$14.36 
11/24/2023,$14.41 ,8927286,$14.27 ,$14.46 ,$14.12 
11/22/2023,$14.47 ,26078070,$14.50 ,$14.84 ,$14.41 
11/21/2023,$14.20 ,26656000,$14.32 ,$14.36 ,$13.88 
11/20/2023,$14.57 ,23898610,$14.75 ,$15.00 ,$14.55 
11/17/2023,$14.79 ,25676520,$14.92 ,$15.01 ,$14.64 
11/16/2023,$14.81 ,31253670,$14.49 ,$14.83 ,$14.41 
11/15/2023,$14.57 ,45858280,$14.19 ,$14.65 ,$14.15 
11/14/2023,$13.89 ,46888760,$13.58 ,$14.12 ,$13.33 
11/13/2023,$12.78 ,19364740,$12.63 ,$12.83 ,$12.45 
11/10/2023,$12.76 ,21992410,$12.30 ,$12.81 ,$12.23 
11/9/2023,$12.31 ,22164820,$12.80 ,$12.92 ,$12.25 
11/8/2023,$12.79 ,30333400,$12.61 ,$12.97 ,$12.51 
11/7/2023,$12.56 ,22553020,$12.25 ,$12.57 ,$12.16 
11/6/2023,$12.26 ,30580910,$12.65 ,$12.74 ,$12.02 
11/3/2023,$12.55 ,43517850,$12.19 ,$12.82 ,$12.16 
11/2/2023,$11.90 ,30172100,$11.62 ,$12.04 ,$11.61 
11/1/2023,$11.30 ,26672020,$11.45 ,$11.57 ,$11.12 
10/31/2023,$11.46 ,25679050,$11.43 ,$11.48 ,$11.10 
10/30/2023,$11.40 ,28263930,$11.36 ,$11.50 ,$11.19 
10/27/2023,$11.13 ,25950990,$11.56 ,$11.58 ,$11.01 
10/26/2023,$11.37 ,38025160,$11.64 ,$11.74 ,$10.95 
10/25/2023,$11.27 ,22471310,$11.32 ,$11.47 ,$11.24 
10/24/2023,$11.45 ,23219130,$11.51 ,$11.73 ,$11.40 
10/23/2023,$11.38 ,41028440,$10.98 ,$11.64 ,$10.84 
10/20/2023,$11.03 ,33490690,$11.24 ,$11.39 ,$11.02 
10/19/2023,$11.39 ,36476130,$11.59 ,$11.72 ,$11.34 
10/18/2023,$11.69 ,37759490,$12.30 ,$12.34 ,$11.67 
10/17/2023,$12.50 ,22430860,$12.27 ,$12.66 ,$12.23 
10/16/2023,$12.36 ,28778270,$12.47 ,$12.53 ,$12.24 
10/13/2023,$12.26 ,25978350,$12.38 ,$12.52 ,$12.15 
10/12/2023,$12.60 ,28842140,$12.69 ,$12.92 ,$12.34 
10/11/2023,$12.65 ,25157690,$12.92 ,$13.01 ,$12.49 
10/10/2023,$12.90 ,26502370,$12.82 ,$13.29 ,$12.80 
10/9/2023,$12.69 ,37982260,$12.66 ,$12.76 ,$12.28 
10/6/2023,$13.26 ,26188700,$13.07 ,$13.47 ,$12.99 
10/5/2023,$13.30 ,24169120,$13.27 ,$13.65 ,$13.10 
10/4/2023,$13.09 ,35704570,$12.84 ,$13.23 ,$12.82 
10/3/2023,$12.74 ,53693580,$13.37 ,$13.51 ,$12.65 
10/2/2023,$13.64 ,38918640,$13.50 ,$14.17 ,$13.42 
9/29/2023,$13.72 ,91954910,$14.65 ,$15.24 ,$13.24 
9/28/2023,$14.44 ,45202150,$13.66 ,$14.64 ,$13.64 
9/27/2023,$13.98 ,25160180,$13.89 ,$14.18 ,$13.72 
9/26/2023,$13.76 ,26210660,$13.67 ,$13.97 ,$13.65 
9/25/2023,$13.90 ,29506450,$13.55 ,$14.05 ,$13.38 
9/22/2023,$14.05 ,21300560,$14.66 ,$14.67 ,$14.01 
9/21/2023,$14.45 ,22663700,$14.45 ,$14.69 ,$14.27 
9/20/2023,$14.65 ,22637100,$15.24 ,$15.30 ,$14.64 
9/19/2023,$15.09 ,23552320,$15.06 ,$15.58 ,$15.00 
9/18/2023,$15.04 ,19251100,$15.14 ,$15.21 ,$14.98 
9/15/2023,$15.19 ,24302490,$15.54 ,$15.62 ,$15.11 
9/14/2023,$15.63 ,24656690,$15.35 ,$15.78 ,$15.26 
9/13/2023,$15.02 ,23991230,$15.16 ,$15.27 ,$14.92 
9/12/2023,$15.46 ,15494980,$15.32 ,$15.64 ,$15.23 
9/11/2023,$15.48 ,18092780,$15.56 ,$15.60 ,$14.95 
9/8/2023,$15.30 ,13704360,$15.21 ,$15.52 ,$15.09 
9/7/2023,$15.30 ,18761360,$15.25 ,$15.36 ,$14.99 
9/6/2023,$15.43 ,19238580,$15.11 ,$15.49 ,$15.04 
9/5/2023,$15.37 ,31023170,$15.57 ,$15.57 ,$14.92 
9/1/2023,$15.73 ,16767250,$15.83 ,$16.06 ,$15.58 
8/31/2023,$15.82 ,21797560,$15.85 ,$16.04 ,$15.69 
8/30/2023,$15.87 ,18121720,$16.17 ,$16.24 ,$15.83 
8/29/2023,$16.04 ,17645010,$15.59 ,$16.12 ,$15.43 
8/28/2023,$15.71 ,19018070,$15.92 ,$16.09 ,$15.68 
8/25/2023,$15.90 ,19060520,$15.72 ,$15.99 ,$15.55 
8/24/2023,$15.71 ,21392510,$16.17 ,$16.33 ,$15.70 
8/23/2023,$16.25 ,29806790,$15.70 ,$16.39 ,$15.49 
8/22/2023,$15.66 ,20261110,$15.79 ,$15.86 ,$15.43 
8/21/2023,$15.71 ,18829040,$15.77 ,$15.85 ,$15.50 
8/18/2023,$15.59 ,25707670,$15.44 ,$15.84 ,$15.39 
8/17/2023,$15.80 ,27220480,$16.26 ,$16.29 ,$15.80 
8/16/2023,$16.18 ,22550580,$16.48 ,$16.61 ,$16.16 
8/15/2023,$16.61 ,17912190,$16.65 ,$16.83 ,$16.49 
8/14/2023,$16.83 ,20464030,$16.60 ,$16.85 ,$16.48 
8/11/2023,$16.79 ,26491300,$17.12 ,$17.15 ,$16.68 
8/10/2023,$17.36 ,22120830,$17.46 ,$17.71 ,$17.18 
8/9/2023,$17.27 ,24718720,$17.99 ,$18.13 ,$17.26 
8/8/2023,$17.92 ,21033750,$17.76 ,$17.95 ,$17.51 
8/7/2023,$18.04 ,29955240,$17.39 ,$18.05 ,$17.39 
8/4/2023,$17.16 ,26799300,$17.62 ,$17.65 ,$17.08 
8/3/2023,$17.56 ,22136890,$17.57 ,$17.90 ,$17.39 
8/2/2023,$17.72 ,25360460,$17.62 ,$17.94 ,$17.55 
8/1/2023,$17.99 ,42662820,$18.16 ,$18.41 ,$17.48 
7/31/2023,$18.84 ,27014230,$18.76 ,$18.86 ,$18.50 
7/28/2023,$18.49 ,24508410,$18.37 ,$18.72 ,$18.36 
7/27/2023,$18.22 ,50553850,$18.62 ,$18.81 ,$18.09 
7/26/2023,$17.65 ,23856640,$17.50 ,$17.74 ,$17.33 
7/25/2023,$17.45 ,26368830,$17.71 ,$17.78 ,$17.34 
7/24/2023,$17.85 ,28805280,$17.88 ,$18.01 ,$17.22 
7/21/2023,$17.88 ,27228260,$17.60 ,$17.90 ,$17.57 
7/20/2023,$17.65 ,32239350,$18.00 ,$18.16 ,$17.61 
7/19/2023,$18.15 ,35920010,$18.49 ,$18.50 ,$17.89 
7/18/2023,$18.25 ,39202650,$17.89 ,$18.58 ,$17.85 
7/17/2023,$17.71 ,35689420,$17.35 ,$17.98 ,$17.34 
7/14/2023,$17.23 ,41398140,$17.74 ,$17.94 ,$17.10 
7/13/2023,$17.75 ,49645380,$18.30 ,$18.48 ,$17.72 
7/12/2023,$18.22 ,55581840,$19.16 ,$19.16 ,$18.19 
7/11/2023,$18.90 ,43404860,$19.31 ,$19.38 ,$18.66 
7/10/2023,$19.30 ,39739690,$19.03 ,$19.39 ,$18.97 
7/7/2023,$19.04 ,44380200,$18.82 ,$19.46 ,$18.82 
7/6/2023,$18.86 ,56593480,$18.83 ,$19.04 ,$18.15 
7/5/2023,$19.21 ,55764780,$18.93 ,$19.55 ,$18.80 
7/3/2023,$18.96 ,44829020,$18.55 ,$19.19 ,$18.43 
6/30/2023,$18.83 ,115111200,$17.80 ,$18.88 ,$17.62 
6/29/2023,$17.16 ,60301630,$17.25 ,$17.75 ,$16.88 
6/28/2023,$17.29 ,96976950,$15.94 ,$17.49 ,$15.88 
6/27/2023,$15.89 ,62431680,$14.75 ,$15.91 ,$14.70 
6/26/2023,$14.60 ,107033000,$14.98 ,$15.04 ,$13.90 
6/23/2023,$15.80 ,39855030,$15.49 ,$16.00 ,$15.43 
6/22/2023,$15.76 ,23564130,$15.74 ,$15.96 ,$15.59 
6/21/2023,$15.89 ,37155590,$15.88 ,$16.18 ,$15.45 
6/20/2023,$15.90 ,37891020,$15.99 ,$16.06 ,$15.70 
6/16/2023,$15.80 ,51111890,$16.30 ,$16.40 ,$15.69 
6/15/2023,$16.12 ,64037420,$15.45 ,$16.16 ,$15.41 
6/14/2023,$15.60 ,59729300,$15.51 ,$15.78 ,$15.19 
6/13/2023,$15.34 ,68046050,$15.06 ,$15.37 ,$14.74 
6/12/2023,$14.72 ,126899500,$13.94 ,$15.10 ,$13.84 
6/9/2023,$13.09 ,34064560,$12.88 ,$13.39 ,$12.85 
6/8/2023,$12.75 ,31998400,$12.85 ,$12.97 ,$12.70 
6/7/2023,$13.03 ,38518720,$12.87 ,$13.18 ,$12.81 
6/6/2023,$12.77 ,32243390,$12.23 ,$12.84 ,$12.20 
6/5/2023,$12.30 ,26125530,$12.17 ,$12.38 ,$12.08 
6/2/2023,$12.18 ,36332330,$12.04 ,$12.28 ,$11.90 
6/1/2023,$11.85 ,39965880,$11.32 ,$11.93 ,$11.20 
5/31/2023,$11.23 ,32724150,$11.40 ,$11.45 ,$10.94 
5/30/2023,$11.38 ,32709140,$11.50 ,$11.84 ,$11.20 
5/26/2023,$11.28 ,30569810,$11.15 ,$11.37 ,$11.15 
5/25/2023,$11.00 ,40944720,$11.00 ,$11.22 ,$10.87 
5/24/2023,$10.67 ,34266790,$10.84 ,$10.86 ,$10.38 
5/23/2023,$11.04 ,31999090,$11.12 ,$11.53 ,$11.02 
5/22/2023,$11.22 ,24221090,$11.07 ,$11.28 ,$10.83 
5/19/2023,$10.94 ,28822700,$11.17 ,$11.22 ,$10.81 
5/18/2023,$11.28 ,33834990,$10.97 ,$11.32 ,$10.97 
5/17/2023,$11.04 ,53763710,$10.41 ,$11.18 ,$10.40 
5/16/2023,$10.36 ,30040360,$10.26 ,$10.64 ,$10.07 
5/15/2023,$10.31 ,27705860,$9.86 ,$10.38 ,$9.82 
5/12/2023,$9.83 ,29797350,$10.25 ,$10.26 ,$9.68 
5/11/2023,$10.24 ,25870000,$10.37 ,$10.49 ,$10.16 
5/10/2023,$10.49 ,29654970,$10.80 ,$10.89 ,$10.34 
5/9/2023,$10.65 ,26601960,$10.49 ,$10.71 ,$10.38 
5/8/2023,$10.61 ,44199760,$10.15 ,$10.66 ,$10.04 
5/5/2023,$10.01 ,52156060,$9.54 ,$10.09 ,$9.53 
5/4/2023,$9.39 ,51862250,$9.78 ,$9.84 ,$9.21 
5/3/2023,$9.43 ,28997770,$9.46 ,$9.70 ,$9.41 
5/2/2023,$9.45 ,33396180,$9.38 ,$9.54 ,$9.17 
5/1/2023,$9.49 ,43945150,$9.27 ,$9.63 ,$9.21 
4/28/2023,$9.21 ,34200520,$8.84 ,$9.30 ,$8.83 
4/27/2023,$8.90 ,25196280,$8.91 ,$8.96 ,$8.72 
4/26/2023,$8.76 ,33804650,$9.03 ,$9.08 ,$8.70 
4/25/2023,$8.96 ,27625260,$9.27 ,$9.27 ,$8.91 
4/24/2023,$9.28 ,23084810,$9.32 ,$9.44 ,$9.14 
4/21/2023,$9.38 ,28720330,$9.30 ,$9.38 ,$9.07 
4/20/2023,$9.33 ,38877300,$9.63 ,$9.66 ,$9.30 
4/19/2023,$9.80 ,25981010,$9.70 ,$9.85 ,$9.52 
4/18/2023,$9.84 ,22055230,$9.76 ,$9.86 ,$9.66 
4/17/2023,$9.75 ,24539020,$9.62 ,$9.80 ,$9.51 
4/14/2023,$9.60 ,21640190,$9.82 ,$9.87 ,$9.55 
4/13/2023,$9.77 ,21807880,$9.72 ,$9.85 ,$9.70 
4/12/2023,$9.62 ,34149920,$10.19 ,$10.23 ,$9.60 
4/11/2023,$10.04 ,26263520,$9.91 ,$10.14 ,$9.79 
4/10/2023,$9.87 ,24047350,$9.60 ,$9.89 ,$9.56 
4/6/2023,$9.73 ,28095380,$9.72 ,$9.88 ,$9.54 
4/5/2023,$9.66 ,25510570,$9.78 ,$9.89 ,$9.61 
4/4/2023,$9.85 ,38016260,$10.07 ,$10.12 ,$9.55 
4/3/2023,$9.97 ,39031870,$9.98 ,$10.07 ,$9.82 
3/31/2023,$10.15 ,37314350,$10.28 ,$10.35 ,$10.06 
3/30/2023,$10.16 ,46584180,$10.12 ,$10.30 ,$10.06 
3/29/2023,$9.89 ,55593530,$9.67 ,$9.96 ,$9.58 
3/28/2023,$9.33 ,72930110,$8.94 ,$9.48 ,$8.94 
3/27/2023,$8.79 ,93540230,$9.53 ,$9.72 ,$8.68 
3/24/2023,$9.23 ,45627440,$9.08 ,$9.27 ,$8.96 
3/23/2023,$9.22 ,57700940,$9.05 ,$9.56 ,$8.99 
3/22/2023,$8.99 ,47728540,$9.15 ,$9.46 ,$8.97 
3/21/2023,$9.12 ,43641340,$8.95 ,$9.21 ,$8.95 
3/20/2023,$8.61 ,45019760,$8.58 ,$8.89 ,$8.52 
3/17/2023,$8.55 ,53049210,$8.89 ,$8.98 ,$8.55 
3/16/2023,$9.03 ,51620080,$8.55 ,$9.16 ,$8.50 
3/15/2023,$8.73 ,54438550,$8.72 ,$8.89 ,$8.37 
3/14/2023,$9.07 ,45033720,$9.47 ,$9.56 ,$9.01 
3/13/2023,$9.24 ,50015720,$9.44 ,$9.56 ,$9.11 
3/10/2023,$9.69 ,46525160,$9.96 ,$10.07 ,$9.52 
3/9/2023,$9.99 ,37505360,$10.51 ,$10.59 ,$9.94 
3/8/2023,$10.53 ,29900990,$10.85 ,$10.97 ,$10.45 
3/7/2023,$10.87 ,24794000,$11.06 ,$11.20 ,$10.86 
3/6/2023,$11.07 ,32128790,$11.19 ,$11.53 ,$11.07 
3/3/2023,$11.11 ,29919890,$10.99 ,$11.20 ,$10.85 
3/2/2023,$10.76 ,22518460,$10.44 ,$10.80 ,$10.35 
3/1/2023,$10.59 ,26906550,$10.62 ,$10.76 ,$10.51 
2/28/2023,$10.62 ,39799950,$10.56 ,$10.70 ,$10.25 
2/27/2023,$10.83 ,23336670,$10.82 ,$10.99 ,$10.76 
2/24/2023,$10.59 ,32077820,$10.68 ,$10.76 ,$10.38 
2/23/2023,$10.89 ,28657510,$11.16 ,$11.22 ,$10.67 
2/22/2023,$11.04 ,25605850,$11.07 ,$11.34 ,$10.88 
2/21/2023,$11.13 ,20923490,$11.12 ,$11.28 ,$11.03 
2/17/2023,$11.29 ,31103290,$11.51 ,$11.57 ,$11.16 
2/16/2023,$11.60 ,30227780,$12.00 ,$12.00 ,$11.57 
2/15/2023,$12.19 ,34290920,$11.82 ,$12.21 ,$11.63 
2/14/2023,$11.88 ,34072960,$11.55 ,$11.96 ,$11.39 
2/13/2023,$11.64 ,28988660,$11.22 ,$11.71 ,$11.13 
2/10/2023,$11.16 ,39694500,$11.37 ,$11.45 ,$11.01 
2/9/2023,$11.53 ,34304990,$11.95 ,$12.13 ,$11.36 
2/8/2023,$11.87 ,38275550,$12.32 ,$12.40 ,$11.84 
2/7/2023,$12.19 ,70218880,$12.15 ,$12.62 ,$11.70 
2/6/2023,$11.87 ,33494880,$11.60 ,$11.90 ,$11.55 
2/3/2023,$11.80 ,35978400,$11.79 ,$12.15 ,$11.68 
2/2/2023,$12.04 ,61194350,$11.72 ,$12.26 ,$11.47 
2/1/2023,$11.34 ,47240030,$10.82 ,$11.42 ,$10.62 
1/31/2023,$10.82 ,30246260,$10.78 ,$10.83 ,$10.58 
1/30/2023,$10.64 ,35766570,$10.83 ,$11.22 ,$10.61 
1/27/2023,$11.02 ,50631580,$10.78 ,$11.25 ,$10.76 
1/26/2023,$10.63 ,32096210,$11.00 ,$11.09 ,$10.57 
1/25/2023,$10.88 ,29042390,$10.49 ,$10.90 ,$10.38 
1/24/2023,$10.68 ,33317440,$10.72 ,$10.96 ,$10.40 
1/23/2023,$10.72 ,34611400,$10.64 ,$10.83 ,$10.53 
1/20/2023,$10.47 ,39941570,$10.28 ,$10.62 ,$10.16 
1/19/2023,$10.12 ,44119330,$10.13 ,$10.24 ,$9.92 
1/18/2023,$10.43 ,57513830,$11.09 ,$11.17 ,$10.34 
1/17/2023,$10.88 ,48197770,$10.61 ,$10.94 ,$10.43 
1/13/2023,$10.51 ,41626910,$10.15 ,$10.61 ,$10.14 
1/12/2023,$10.28 ,48425770,$10.06 ,$10.29 ,$9.86 
1/11/2023,$9.86 ,33668920,$9.75 ,$9.90 ,$9.66 
1/10/2023,$9.68 ,38995520,$9.42 ,$9.71 ,$9.26 
1/9/2023,$9.47 ,44454520,$9.26 ,$9.64 ,$9.21 
1/6/2023,$9.20 ,40099580,$9.00 ,$9.23 ,$8.83 
1/5/2023,$8.95 ,35671630,$8.57 ,$8.99 ,$8.47 
1/4/2023,$8.74 ,52046610,$8.07 ,$8.76 ,$7.98 
1/3/2023,$7.97 ,33965210,$8.24 ,$8.32 ,$7.92 
12/30/2022,$8.06 ,30690580,$7.98 ,$8.22 ,$7.93 
12/29/2022,$8.08 ,38092750,$7.73 ,$8.10 ,$7.70 
12/28/2022,$7.67 ,34112410,$7.71 ,$7.91 ,$7.63 
12/27/2022,$7.67 ,37674770,$7.78 ,$7.90 ,$7.55 
12/23/2022,$7.81 ,39623670,$7.86 ,$7.94 ,$7.53 
12/22/2022,$7.88 ,64849130,$8.47 ,$8.50 ,$7.63 
12/21/2022,$8.48 ,77709700,$7.88 ,$8.79 ,$7.78 
12/20/2022,$8.10 ,49501000,$7.95 ,$8.27 ,$7.93 
12/19/2022,$8.09 ,41998390,$8.48 ,$8.49 ,$8.02 
12/16/2022,$8.45 ,43358230,$8.49 ,$8.70 ,$8.35 
12/15/2022,$8.63 ,52117240,$8.72 ,$8.95 ,$8.47 
12/14/2022,$8.93 ,57877690,$8.88 ,$9.11 ,$8.71 
12/13/2022,$8.91 ,62156890,$9.60 ,$9.67 ,$8.72 
12/12/2022,$9.01 ,44353720,$8.77 ,$9.01 ,$8.57 
12/9/2022,$8.87 ,37684130,$9.02 ,$9.13 ,$8.85 
12/8/2022,$9.03 ,37881660,$9.00 ,$9.24 ,$8.94 
12/7/2022,$8.89 ,52196210,$9.22 ,$9.35 ,$8.86 
12/6/2022,$9.30 ,50508380,$9.70 ,$9.76 ,$9.17 
12/5/2022,$9.68 ,52424140,$9.89 ,$10.27 ,$9.63 
12/2/2022,$10.00 ,48326920,$9.73 ,$10.04 ,$9.45 
12/1/2022,$9.97 ,52863090,$9.96 ,$10.29 ,$9.90 
11/30/2022,$9.93 ,65648540,$9.81 ,$9.94 ,$9.41 
11/29/2022,$9.75 ,46085750,$9.36 ,$9.79 ,$9.32 
11/28/2022,$9.32 ,32128890,$9.58 ,$9.73 ,$9.27 
11/25/2022,$9.73 ,23780810,$9.70 ,$9.93 ,$9.64 
11/23/2022,$9.73 ,44422580,$9.49 ,$9.78 ,$9.39 
11/22/2022,$9.47 ,36685910,$9.36 ,$9.56 ,$9.18 
11/21/2022,$9.32 ,38776340,$9.46 ,$9.53 ,$9.13 
11/18/2022,$9.47 ,38881950,$9.70 ,$9.73 ,$9.39 
11/17/2022,$9.51 ,45732640,$9.37 ,$9.57 ,$9.15 
11/16/2022,$9.63 ,124544100,$9.78 ,$9.82 ,$9.49 
11/15/2022,$11.16 ,106425900,$10.99 ,$11.49 ,$10.96 
11/14/2022,$10.60 ,70950250,$10.41 ,$10.75 ,$10.22 
11/11/2022,$10.35 ,69889430,$10.17 ,$10.45 ,$9.76 
11/10/2022,$9.78 ,84559540,$9.12 ,$9.81 ,$9.08 
11/9/2022,$8.56 ,41664860,$9.00 ,$9.02 ,$8.52 
11/8/2022,$9.10 ,53290140,$8.91 ,$9.23 ,$8.83 
11/7/2022,$8.76 ,46375920,$9.08 ,$9.08 ,$8.57 
11/4/2022,$9.00 ,51717130,$9.12 ,$9.32 ,$8.84 
11/3/2022,$8.83 ,63837010,$8.34 ,$9.07 ,$8.25 
11/2/2022,$8.69 ,52525040,$9.01 ,$9.26 ,$8.65 
11/1/2022,$9.05 ,52041000,$9.39 ,$9.49 ,$9.04 
10/31/2022,$9.06 ,49288950,$9.02 ,$9.15 ,$8.80 
10/28/2022,$8.94 ,42739350,$8.56 ,$8.95 ,$8.48 
10/27/2022,$8.65 ,48689860,$8.80 ,$8.96 ,$8.64 
10/26/2022,$8.67 ,58849840,$8.59 ,$9.13 ,$8.57 
10/25/2022,$8.62 ,52082010,$8.27 ,$8.68 ,$8.21 
10/24/2022,$8.22 ,51101540,$8.11 ,$8.28 ,$7.92 
10/21/2022,$8.20 ,57280990,$7.93 ,$8.22 ,$7.79 
10/20/2022,$8.00 ,59658490,$7.72 ,$8.29 ,$7.71 
10/19/2022,$7.68 ,70897600,$8.02 ,$8.14 ,$7.62 
10/18/2022,$8.08 ,116496300,$7.70 ,$8.24 ,$7.68 
10/17/2022,$7.27 ,52393740,$7.38 ,$7.47 ,$7.17 
10/14/2022,$7.13 ,63745090,$7.27 ,$7.43 ,$7.01 
10/13/2022,$7.10 ,81275560,$6.99 ,$7.32 ,$6.85 
10/12/2022,$7.31 ,97735730,$6.64 ,$7.39 ,$6.55 
10/11/2022,$6.64 ,73379050,$6.42 ,$6.74 ,$6.11 
10/10/2022,$6.38 ,82505730,$6.73 ,$6.82 ,$6.15 
10/7/2022,$6.76 ,82260240,$6.90 ,$6.99 ,$6.57 
10/6/2022,$6.98 ,86819880,$7.37 ,$7.61 ,$6.97 
10/5/2022,$7.43 ,82831490,$7.47 ,$7.57 ,$7.17 
10/4/2022,$7.76 ,117870500,$7.10 ,$7.82 ,$7.08 
10/3/2022,$6.85 ,104262100,$7.17 ,$7.19 ,$6.58 
9/30/2022,$7.03 ,237674800,$8.45 ,$8.51 ,$7.01 
9/29/2022,$9.16 ,57340590,$9.61 ,$9.66 ,$9.02 
9/28/2022,$9.83 ,65649270,$9.20 ,$9.85 ,$9.13 
9/27/2022,$9.22 ,64007820,$9.20 ,$9.55 ,$9.02 
9/26/2022,$8.90 ,56042300,$8.99 ,$9.36 ,$8.88 
9/23/2022,$8.95 ,79394410,$9.23 ,$9.34 ,$8.74 
9/22/2022,$9.64 ,62079540,$9.74 ,$9.93 ,$9.40 
9/21/2022,$9.71 ,67793070,$10.32 ,$10.36 ,$9.70 
9/20/2022,$10.42 ,47008440,$10.88 ,$10.99 ,$10.40 
9/19/2022,$10.78 ,37564560,$10.66 ,$11.14 ,$10.62 
9/16/2022,$10.76 ,47810830,$10.71 ,$10.81 ,$10.46 
9/15/2022,$10.92 ,59124120,$10.46 ,$11.19 ,$10.45 
9/14/2022,$10.57 ,38845720,$10.14 ,$10.59 ,$9.93 
9/13/2022,$10.24 ,41934050,$10.07 ,$10.46 ,$9.96 
9/12/2022,$10.60 ,34324750,$10.54 ,$10.79 ,$10.40 
9/9/2022,$10.40 ,47327590,$10.23 ,$10.52 ,$10.21 
9/8/2022,$10.08 ,41765190,$9.57 ,$10.10 ,$9.54 
9/7/2022,$9.82 ,38557170,$9.39 ,$9.87 ,$9.39 
9/6/2022,$9.44 ,35375080,$9.55 ,$9.72 ,$9.15 
9/2/2022,$9.37 ,39677810,$9.59 ,$9.71 ,$9.27 
9/1/2022,$9.35 ,43701580,$9.29 ,$9.36 ,$8.94 
8/31/2022,$9.46 ,43196750,$9.91 ,$9.96 ,$9.45 
8/30/2022,$9.77 ,41537670,$10.07 ,$10.33 ,$9.58 
8/29/2022,$9.83 ,31611620,$9.76 ,$10.04 ,$9.64 
8/26/2022,$9.97 ,46325470,$10.62 ,$10.86 ,$9.97 
8/25/2022,$10.54 ,47824170,$10.24 ,$10.69 ,$10.21 
8/24/2022,$10.05 ,37870260,$9.51 ,$10.95 ,$9.49 
8/23/2022,$9.54 ,37301840,$9.48 ,$9.74 ,$9.45 
8/22/2022,$9.39 ,35610410,$9.54 ,$9.63 ,$9.35 
8/19/2022,$9.87 ,50379430,$10.14 ,$10.24 ,$9.70 
8/18/2022,$10.45 ,47229450,$10.56 ,$10.57 ,$10.20 
8/17/2022,$10.56 ,53063740,$10.97 ,$10.97 ,$10.40 
8/16/2022,$11.19 ,59639350,$10.63 ,$11.38 ,$10.41 
8/15/2022,$10.71 ,34057540,$10.56 ,$10.79 ,$10.42 
8/12/2022,$10.72 ,39632880,$10.71 ,$10.79 ,$10.45 
8/11/2022,$10.54 ,50079050,$10.84 ,$10.95 ,$10.44 
8/10/2022,$10.34 ,71504040,$9.89 ,$10.61 ,$9.83 
8/9/2022,$9.47 ,51552850,$9.71 ,$9.76 ,$9.26 
8/8/2022,$10.01 ,67487730,$10.04 ,$10.49 ,$9.78 
8/5/2022,$9.82 ,42444200,$9.53 ,$10.05 ,$9.48 
8/4/2022,$9.75 ,40094050,$9.77 ,$9.94 ,$9.60 
8/3/2022,$9.79 ,45506540,$9.50 ,$9.81 ,$9.47 
8/2/2022,$9.35 ,56616000,$8.77 ,$9.64 ,$8.67 
8/1/2022,$8.92 ,54740890,$8.90 ,$8.98 ,$8.57 
7/29/2022,$9.06 ,40901850,$9.01 ,$9.18 ,$8.77 
7/28/2022,$9.10 ,58406700,$8.97 ,$9.38 ,$8.57 
7/27/2022,$8.85 ,66105570,$8.79 ,$8.89 ,$8.47 
7/26/2022,$8.50 ,68820160,$9.07 ,$9.10 ,$8.46 
7/25/2022,$9.18 ,54848250,$9.26 ,$9.29 ,$8.84 
7/22/2022,$9.26 ,100507900,$9.90 ,$9.99 ,$9.15 
7/21/2022,$9.85 ,144225000,$9.67 ,$9.91 ,$9.42 
7/20/2022,$11.09 ,69920810,$10.34 ,$11.10 ,$10.28 
7/19/2022,$10.36 ,60355900,$10.02 ,$10.41 ,$9.99 
7/18/2022,$9.65 ,66343660,$9.43 ,$10.12 ,$9.43 
7/15/2022,$9.18 ,44346740,$8.88 ,$9.19 ,$8.71 
7/14/2022,$8.71 ,40652890,$8.82 ,$9.00 ,$8.65 
7/13/2022,$9.00 ,41433730,$8.73 ,$9.13 ,$8.65 
7/12/2022,$9.13 ,65626100,$8.48 ,$9.27 ,$8.43 
7/11/2022,$8.49 ,40238530,$8.96 ,$8.97 ,$8.46 
7/8/2022,$9.01 ,45688270,$9.21 ,$9.43 ,$8.94 
7/7/2022,$9.33 ,46116050,$8.95 ,$9.45 ,$8.93 
7/6/2022,$8.74 ,52642250,$9.25 ,$9.53 ,$8.70 
7/5/2022,$9.38 ,69413820,$8.54 ,$9.41 ,$8.15 
7/1/2022,$8.82 ,51985530,$8.61 ,$8.97 ,$8.53 
6/30/2022,$8.65 ,74706490,$8.66 ,$8.81 ,$8.10 
6/29/2022,$8.87 ,109730900,$9.49 ,$9.60 ,$8.66 
6/28/2022,$10.33 ,46364010,$10.49 ,$11.05 ,$10.31 
6/27/2022,$10.55 ,52876830,$10.73 ,$10.81 ,$10.18 
6/24/2022,$10.85 ,85277290,$9.72 ,$10.88 ,$9.48 
6/23/2022,$9.65 ,48309630,$9.62 ,$9.75 ,$9.22 
6/22/2022,$9.62 ,38718350,$9.36 ,$9.83 ,$9.28 
6/21/2022,$9.57 ,49067170,$9.69 ,$9.79 ,$9.43 
6/17/2022,$9.60 ,69584390,$8.91 ,$9.64 ,$8.75 
6/16/2022,$8.75 ,76859090,$9.43 ,$9.49 ,$8.70 
6/15/2022,$9.84 ,67274100,$9.64 ,$10.02 ,$9.51 
6/14/2022,$9.52 ,59250230,$10.01 ,$10.17 ,$9.41 
6/13/2022,$9.91 ,71268970,$10.53 ,$10.54 ,$9.77 
6/10/2022,$11.05 ,67461680,$11.56 ,$12.07 ,$11.04 
6/9/2022,$11.73 ,63378720,$12.82 ,$12.85 ,$11.73 
6/8/2022,$12.93 ,43179050,$13.35 ,$13.56 ,$12.92 
6/7/2022,$13.78 ,23383250,$13.30 ,$13.81 ,$13.21 
6/6/2022,$13.61 ,26843140,$13.67 ,$13.80 ,$13.34 
6/3/2022,$13.51 ,27169350,$13.65 ,$13.89 ,$13.34 
6/2/2022,$14.06 ,34067160,$13.49 ,$14.06 ,$13.39 
6/1/2022,$13.47 ,33402900,$14.04 ,$14.20 ,$13.15 
5/31/2022,$13.88 ,38118310,$13.86 ,$14.17 ,$13.72 
5/27/2022,$13.97 ,35625500,$13.35 ,$13.97 ,$13.33 
5/26/2022,$13.21 ,49498430,$12.30 ,$13.47 ,$12.30 
5/25/2022,$12.18 ,38049760,$11.65 ,$12.31 ,$11.61 
5/24/2022,$11.76 ,63216460,$12.84 ,$12.87 ,$11.56 
5/23/2022,$13.11 ,41410370,$13.12 ,$13.19 ,$12.54 
5/20/2022,$13.13 ,45620620,$13.81 ,$13.96 ,$12.70 
5/19/2022,$13.58 ,37607190,$13.67 ,$13.94 ,$13.49 
5/18/2022,$13.84 ,36536390,$14.61 ,$14.83 ,$13.70 
5/17/2022,$14.87 ,29133530,$14.51 ,$14.96 ,$14.32 
5/16/2022,$14.09 ,29771820,$14.27 ,$14.53 ,$14.03 
5/13/2022,$14.28 ,40862010,$13.55 ,$14.50 ,$13.55 
5/12/2022,$13.26 ,53708810,$13.26 ,$13.86 ,$12.72 
5/11/2022,$13.55 ,40917120,$14.25 ,$14.74 ,$13.52 
5/10/2022,$14.19 ,46996150,$14.81 ,$15.03 ,$13.82 
5/9/2022,$14.14 ,55563150,$15.55 ,$15.62 ,$14.05 
5/6/2022,$15.92 ,43828940,$16.42 ,$16.56 ,$15.59 
5/5/2022,$16.54 ,44517770,$17.30 ,$17.54 ,$16.36 
5/4/2022,$17.73 ,37917890,$17.42 ,$17.73 ,$16.69 
5/3/2022,$17.49 ,28177580,$17.63 ,$17.83 ,$17.11 
5/2/2022,$17.35 ,34360760,$17.31 ,$17.48 ,$16.73 
4/29/2022,$17.30 ,22197080,$17.76 ,$18.20 ,$17.24 
4/28/2022,$17.83 ,30952070,$17.73 ,$18.00 ,$17.12 
4/27/2022,$17.41 ,35893080,$17.60 ,$17.90 ,$17.15 
4/26/2022,$17.50 ,44476190,$18.84 ,$18.88 ,$17.43 
4/25/2022,$18.88 ,27164710,$18.73 ,$18.89 ,$18.34 
4/22/2022,$18.84 ,25671550,$19.47 ,$19.68 ,$18.75 
4/21/2022,$19.51 ,37800050,$20.48 ,$20.63 ,$19.39 
4/20/2022,$19.62 ,21266960,$19.96 ,$20.33 ,$19.62 
4/19/2022,$19.91 ,28760200,$19.11 ,$20.08 ,$19.11 
4/18/2022,$19.04 ,18700740,$19.44 ,$19.59 ,$18.97 
4/14/2022,$19.56 ,25316710,$19.71 ,$20.09 ,$19.45 
4/13/2022,$19.51 ,35391140,$18.80 ,$19.64 ,$18.78 
4/12/2022,$18.51 ,23404240,$18.77 ,$18.95 ,$18.36 
4/11/2022,$18.54 ,27851940,$18.13 ,$19.02 ,$17.99 
4/8/2022,$18.34 ,28731740,$18.60 ,$18.73 ,$18.04 
4/7/2022,$18.74 ,42475370,$18.89 ,$18.92 ,$18.06 
4/6/2022,$18.93 ,44802810,$19.83 ,$19.89 ,$18.86 
4/5/2022,$20.22 ,68213000,$20.69 ,$21.50 ,$20.14 
4/4/2022,$19.74 ,25645660,$19.92 ,$19.94 ,$19.35 
4/1/2022,$20.05 ,27871790,$20.35 ,$20.46 ,$19.68 
3/31/2022,$20.22 ,42409860,$19.63 ,$20.54 ,$19.51 
3/30/2022,$19.60 ,24681660,$19.58 ,$19.92 ,$19.45 
3/29/2022,$19.93 ,40091640,$19.96 ,$20.40 ,$19.67 
3/28/2022,$19.40 ,32494540,$18.59 ,$19.43 ,$18.52 
3/25/2022,$18.39 ,25947400,$18.44 ,$18.75 ,$18.23 
3/24/2022,$18.49 ,31280470,$18.31 ,$18.52 ,$17.83 
3/23/2022,$18.30 ,27832850,$18.71 ,$18.90 ,$18.24 
3/22/2022,$18.93 ,43514810,$18.64 ,$19.30 ,$18.37 
3/21/2022,$18.95 ,32803530,$19.21 ,$19.21 ,$18.59 
3/18/2022,$19.46 ,32136260,$18.77 ,$19.54 ,$18.68 
3/17/2022,$19.15 ,38740550,$18.72 ,$19.16 ,$18.22 
3/16/2022,$19.33 ,51372460,$18.28 ,$19.44 ,$18.09 
3/15/2022,$18.04 ,40891080,$17.43 ,$18.19 ,$17.34 
3/14/2022,$17.12 ,31014760,$17.30 ,$17.88 ,$16.84 
3/11/2022,$17.21 ,28443520,$17.93 ,$18.00 ,$17.18 
3/10/2022,$17.65 ,42701110,$16.82 ,$18.23 ,$16.71 
3/9/2022,$17.27 ,58123210,$16.91 ,$17.78 ,$16.85 
3/8/2022,$15.88 ,68268980,$15.68 ,$16.55 ,$14.94 
3/7/2022,$15.53 ,67688570,$17.30 ,$17.48 ,$15.52 
3/4/2022,$17.23 ,57114170,$17.85 ,$18.07 ,$17.02 
3/3/2022,$18.27 ,40969390,$19.26 ,$19.71 ,$18.11 
3/2/2022,$19.02 ,41781810,$19.12 ,$19.59 ,$18.69 
3/1/2022,$18.86 ,55954930,$19.97 ,$20.03 ,$18.61 
2/28/2022,$20.33 ,48343810,$20.63 ,$20.79 ,$19.82 
2/25/2022,$21.10 ,34048020,$20.70 ,$21.40 ,$20.29 
2/24/2022,$20.63 ,49931690,$18.84 ,$20.71 ,$18.65 
2/23/2022,$20.21 ,36958180,$21.88 ,$22.00 ,$20.19 
2/22/2022,$21.51 ,34908640,$21.55 ,$22.19 ,$21.35 
2/18/2022,$22.17 ,29897320,$22.42 ,$22.77 ,$21.96 
2/17/2022,$22.42 ,25412070,$22.90 ,$23.18 ,$22.27 
2/16/2022,$23.31 ,40609490,$22.78 ,$23.64 ,$22.62 
2/15/2022,$22.78 ,31726680,$22.22 ,$22.87 ,$22.05 
2/14/2022,$21.36 ,36570720,$22.00 ,$22.52 ,$21.27 
2/11/2022,$22.04 ,51041670,$23.18 ,$23.64 ,$21.99 
2/10/2022,$23.12 ,42465570,$22.87 ,$23.86 ,$22.60 
2/9/2022,$23.19 ,39322670,$22.83 ,$23.36 ,$22.76 
2/8/2022,$22.55 ,41620160,$21.72 ,$22.58 ,$21.47 
2/7/2022,$21.52 ,41055700,$20.14 ,$21.74 ,$20.11 
2/4/2022,$19.96 ,33287000,$20.02 ,$20.24 ,$19.56 
2/3/2022,$20.34 ,27585900,$20.53 ,$20.96 ,$20.33 
2/2/2022,$20.85 ,30717610,$20.72 ,$21.24 ,$20.43 
2/1/2022,$20.93 ,38953790,$19.95 ,$21.07 ,$19.86 
1/31/2022,$19.81 ,50989340,$18.78 ,$19.87 ,$18.15 
1/28/2022,$18.97 ,50152540,$19.21 ,$19.28 ,$18.28 
1/27/2022,$19.11 ,42718190,$20.46 ,$20.71 ,$18.94 
1/26/2022,$20.29 ,40706430,$20.54 ,$21.10 ,$20.04 
1/25/2022,$20.20 ,36484460,$19.25 ,$20.40 ,$19.09 
1/24/2022,$19.74 ,52206490,$19.08 ,$19.76 ,$18.25 
1/21/2022,$19.99 ,41314330,$20.68 ,$20.69 ,$19.78 
1/20/2022,$20.80 ,25457810,$21.31 ,$21.98 ,$20.73 
1/19/2022,$21.22 ,27894520,$21.93 ,$21.96 ,$21.18 
1/18/2022,$21.98 ,29872270,$22.52 ,$22.76 ,$21.91 
1/14/2022,$22.95 ,28270840,$22.60 ,$22.95 ,$22.27 
1/13/2022,$22.90 ,43271440,$22.42 ,$23.30 ,$22.37 
1/12/2022,$22.31 ,33645050,$22.18 ,$22.46 ,$21.80 
1/11/2022,$21.98 ,29608010,$21.38 ,$22.22 ,$21.11 
1/10/2022,$21.40 ,32828810,$22.00 ,$22.13 ,$20.96 
1/7/2022,$21.90 ,37140600,$21.35 ,$22.29 ,$21.12 
1/6/2022,$21.07 ,31459850,$21.62 ,$21.99 ,$21.02 
1/5/2022,$21.17 ,31833160,$21.79 ,$22.17 ,$21.06 
1/4/2022,$21.73 ,44776450,$22.06 ,$22.38 ,$21.51 
1/3/2022,$21.41 ,38897320,$20.56 ,$21.74 ,$20.43 
12/31/2021,$20.12 ,29363680,$20.51 ,$20.77 ,$20.02 
12/30/2021,$20.53 ,49120210,$20.76 ,$21.51 ,$20.27 
12/29/2021,$20.79 ,30313680,$20.66 ,$20.90 ,$20.28 
12/28/2021,$20.90 ,39749610,$20.64 ,$21.80 ,$20.51 
12/27/2021,$20.95 ,37286800,$20.34 ,$21.13 ,$20.03 
12/23/2021,$21.20 ,39190980,$21.54 ,$21.78 ,$20.88 
12/22/2021,$21.25 ,62921870,$20.55 ,$21.50 ,$20.03 
12/21/2021,$20.54 ,69186230,$19.33 ,$20.73 ,$19.26 
12/20/2021,$18.90 ,59262490,$17.67 ,$19.29 ,$17.61 
12/17/2021,$18.28 ,48692890,$17.70 ,$18.47 ,$17.41 
12/16/2021,$17.57 ,45611100,$18.00 ,$18.25 ,$17.46 
12/15/2021,$17.89 ,45971600,$17.99 ,$18.08 ,$17.24 
12/14/2021,$18.15 ,38288240,$18.02 ,$18.84 ,$18.01 
12/13/2021,$18.34 ,39686330,$18.68 ,$18.85 ,$17.91 
12/10/2021,$19.28 ,33181470,$19.18 ,$19.36 ,$18.68 
12/9/2021,$19.19 ,38179520,$19.02 ,$19.60 ,$18.89 
12/8/2021,$19.52 ,69762140,$18.70 ,$20.04 ,$18.54 
12/7/2021,$18.50 ,62779420,$18.98 ,$19.28 ,$18.32 
12/6/2021,$18.59 ,78131560,$17.56 ,$19.19 ,$17.40 
12/3/2021,$17.20 ,59329100,$17.78 ,$17.80 ,$16.84 
12/2/2021,$17.89 ,76746780,$16.73 ,$17.99 ,$16.35 
12/1/2021,$16.38 ,82682880,$18.12 ,$18.49 ,$16.32 
11/30/2021,$17.62 ,60131120,$17.79 ,$17.90 ,$17.11 
11/29/2021,$18.16 ,58061460,$18.81 ,$19.24 ,$17.69 
11/26/2021,$17.95 ,84158430,$18.07 ,$18.28 ,$17.20 
11/24/2021,$20.16 ,30483240,$19.96 ,$20.65 ,$19.76 
11/23/2021,$20.15 ,26273510,$20.54 ,$20.83 ,$20.01 
11/22/2021,$20.33 ,29802680,$20.50 ,$20.91 ,$20.15 
11/19/2021,$20.49 ,49148680,$20.36 ,$20.90 ,$19.86 
11/18/2021,$20.95 ,26850840,$21.45 ,$21.58 ,$20.57 
11/17/2021,$21.33 ,30081610,$21.67 ,$21.85 ,$20.98 
11/16/2021,$21.59 ,40285700,$22.14 ,$22.14 ,$21.33 
11/15/2021,$22.30 ,22519650,$22.51 ,$22.72 ,$22.14 
11/12/2021,$22.36 ,37320290,$22.95 ,$22.95 ,$22.06 
11/11/2021,$23.02 ,19703700,$23.34 ,$23.63 ,$22.97 
11/10/2021,$23.49 ,21338280,$23.73 ,$24.34 ,$23.31 
11/9/2021,$24.17 ,22673500,$24.50 ,$24.54 ,$23.71 
11/8/2021,$24.59 ,33082990,$24.89 ,$25.07 ,$24.45 
11/5/2021,$24.79 ,67588340,$24.40 ,$25.29 ,$24.10 
11/4/2021,$22.88 ,20186870,$23.33 ,$23.49 ,$22.73 
11/3/2021,$23.17 ,23001310,$22.71 ,$23.33 ,$22.57 
11/2/2021,$22.91 ,21579390,$22.98 ,$23.07 ,$22.55 
11/1/2021,$23.07 ,27315490,$22.30 ,$23.10 ,$22.01 
10/29/2021,$22.16 ,26720340,$21.88 ,$22.47 ,$21.77 
10/28/2021,$21.97 ,23048730,$21.64 ,$22.08 ,$21.31 
10/27/2021,$21.64 ,20827860,$21.90 ,$22.00 ,$21.61 
10/26/2021,$21.82 ,25617920,$22.17 ,$22.47 ,$21.66 
10/25/2021,$22.05 ,26140370,$21.79 ,$22.17 ,$21.72 
10/22/2021,$22.29 ,29155740,$22.20 ,$22.34 ,$21.85 
10/21/2021,$22.33 ,26812520,$22.51 ,$22.90 ,$22.22 
10/20/2021,$22.44 ,27014600,$22.36 ,$22.77 ,$22.14 
10/19/2021,$22.34 ,50813960,$23.06 ,$23.06 ,$22.27 
10/18/2021,$23.13 ,37062340,$23.45 ,$23.60 ,$22.82 
10/15/2021,$23.67 ,22362880,$24.06 ,$24.42 ,$23.63 
10/14/2021,$23.73 ,19413920,$23.94 ,$24.00 ,$23.58 
10/13/2021,$23.65 ,28606180,$24.40 ,$24.40 ,$23.61 
10/12/2021,$24.33 ,25818450,$23.94 ,$24.37 ,$23.81 
10/11/2021,$23.88 ,26631070,$23.71 ,$24.44 ,$23.42 
10/8/2021,$23.83 ,32061850,$24.54 ,$24.70 ,$23.76 
10/7/2021,$24.49 ,26234930,$25.22 ,$25.28 ,$24.40 
10/6/2021,$24.90 ,36943290,$25.02 ,$25.14 ,$24.36 
10/5/2021,$25.42 ,26161520,$25.53 ,$26.01 ,$25.27 
10/4/2021,$25.34 ,33448090,$26.20 ,$26.42 ,$25.24 
10/1/2021,$26.09 ,36843190,$26.07 ,$26.57 ,$25.67 
9/30/2021,$25.01 ,28685060,$25.44 ,$25.51 ,$24.73 
9/29/2021,$25.52 ,27403960,$26.46 ,$26.49 ,$25.48 
9/28/2021,$26.17 ,34642280,$26.44 ,$26.99 ,$26.11 
9/27/2021,$26.38 ,58020620,$25.96 ,$27.39 ,$25.92 
9/24/2021,$25.44 ,48644480,$24.80 ,$25.95 ,$24.60 
9/23/2021,$24.69 ,48872440,$24.01 ,$25.06 ,$23.90 
9/22/2021,$23.61 ,32222330,$23.17 ,$23.93 ,$23.17 
9/21/2021,$22.96 ,25614510,$23.43 ,$23.69 ,$22.86 
9/20/2021,$23.24 ,32162320,$23.18 ,$23.40 ,$22.62 
9/17/2021,$23.55 ,33607780,$23.21 ,$23.84 ,$23.14 
9/16/2021,$23.09 ,19305670,$23.11 ,$23.43 ,$22.92 
9/15/2021,$23.17 ,21566060,$22.75 ,$23.18 ,$22.36 
9/14/2021,$22.86 ,24577470,$23.20 ,$23.50 ,$22.70 
9/13/2021,$23.31 ,36359490,$23.03 ,$23.48 ,$22.24 
9/10/2021,$22.75 ,25471420,$23.40 ,$23.50 ,$22.72 
9/9/2021,$23.28 ,27193060,$22.77 ,$23.72 ,$22.62 
9/8/2021,$22.78 ,24700630,$23.57 ,$23.81 ,$22.76 
9/7/2021,$23.56 ,33580070,$22.70 ,$23.60 ,$22.56 
9/3/2021,$22.96 ,44236560,$23.92 ,$24.15 ,$22.64 
9/2/2021,$24.02 ,36566490,$23.58 ,$24.47 ,$23.12 
9/1/2021,$23.51 ,31875040,$24.22 ,$24.42 ,$23.31 
